464.2,472.0,469.8,470.0,489.0,469.6,478.6,464.6,473.143
467.8,473.2,473.8,467.8,486.4,468.2,482.0,463.8,469.857
466.2,473.2,470.6,466.2,483.0,469.0,484.8,465.4,472.0
466.2,472.0,468.6,467.6,491.0,469.8,486.6,465.0,471.714
466.4,472.0,471.0,466.2,489.6,468.6,482.8,463.6,472.429
463.8,473.2,468.6,466.0,487.2,468.4,483.6,464.4,469.571
464.6,471.0,470.6,466.0,486.0,466.6,483.2,463.6,469.286
462.4,474.8,470.0,467.4,484.6,464.0,482.8,466.2,468.429
465.6,473.4,470.4,465.6,483.0,466.6,483.6,463.6,469.143
465.0,473.0,467.4,463.8,486.4,464.6,479.0,464.2,468.286
464.4,470.8,470.0,463.6,486.2,465.2,480.8,464.8,468.714
465.2,472.0,469.4,464.2,485.0,466.2,481.2,464.2,470.286
465.4,469.8,468.4,469.2,484.6,468.8,479.8,464.0,467.714
462.8,469.8,469.2,462.6,483.6,466.2,480.8,463.6,468.857
465.2,474.0,468.4,467.4,485.0,463.6,482.4,465.2,468.143
463.6,472.0,467.4,464.4,482.4,467.6,485.2,463.4,469.429
463.8,471.0,467.8,465.4,483.0,466.2,478.0,464.8,470.143
459.6,468.0,466.4,467.8,484.2,465.2,480.6,461.4,470.429
464.2,470.0,471.8,465.4,482.8,465.8,482.6,464.8,469.571
462.6,472.2,468.6,464.2,481.6,467.2,483.0,465.4,468.571
467.8,470.6,467.0,465.4,484.2,464.8,481.6,463.0,468.571
465.0,473.6,468.8,469.2,488.4,468.6,483.0,467.0,474.143
464.0,472.4,466.8,464.0,489.0,465.6,481.4,463.4,469.857
465.6,471.6,464.2,467.0,484.2,467.0,483.2,464.2,465.714
466.4,471.4,468.8,465.0,480.8,468.2,480.0,463.8,467.571
465.8,469.6,466.6,467.6,482.4,465.8,478.2,459.8,467.429
464.4,474.2,470.4,462.2,481.2,466.8,482.0,463.8,469.0
467.8,467.4,467.6,463.6,484.6,462.8,480.6,460.4,466.429
459.4,473.6,465.0,465.2,480.6,463.0,481.4,464.6,470.714
465.4,471.8,464.4,463.2,480.2,463.0,478.6,462.4,467.429
463.6,470.4,467.0,464.2,481.2,467.2,477.6,462.8,467.0
464.6,467.4,463.8,464.2,477.8,464.2,478.2,463.0,467.429
460.6,467.4,468.2,464.8,478.8,466.4,477.0,460.2,466.571
463.4,469.8,463.2,464.6,481.6,466.2,479.2,460.0,470.143
466.2,465.2,465.0,461.8,480.6,464.8,476.8,460.4,465.857
461.0,470.8,464.8,463.6,481.4,464.4,480.0,462.8,464.714
461.4,468.4,464.4,463.2,476.6,463.6,479.4,464.0,466.571
462.2,466.4,467.6,462.8,480.2,463.4,478.6,460.4,465.143
460.8,468.0,464.8,459.4,484.2,462.6,478.0,462.0,468.429
460.6,469.2,465.2,464.4,485.0,464.8,480.4,462.2,465.857
462.0,469.0,460.4,465.0,482.6,462.6,478.2,462.0,464.714
462.0,467.6,461.2,463.4,487.8,463.6,478.8,460.2,462.286
462.6,467.8,464.4,464.0,480.0,461.6,480.0,460.4,466.0
457.4,464.6,464.4,464.8,484.0,462.2,475.6,460.6,465.429
461.0,464.4,462.2,461.6,483.0,463.6,476.6,460.2,465.143
460.8,469.4,465.0,466.8,480.0,463.6,478.8,457.8,467.0
459.8,469.4,467.8,462.6,481.4,463.4,475.2,463.8,468.571
460.8,471.4,462.8,464.2,484.8,463.8,475.2,461.6,464.857
466.2,469.4,465.0,465.4,480.8,465.4,480.6,461.4,465.286
464.0,465.0,462.8,463.2,484.2,465.4,476.0,463.8,464.429
461.8,468.4,462.8,465.6,484.6,462.8,478.2,459.6,464.857
462.4,468.2,464.8,461.4,484.0,464.8,479.8,461.2,467.286
462.6,464.8,468.2,468.6,483.0,465.2,477.2,463.2,466.143
463.8,467.0,465.0,463.2,480.6,463.8,477.8,461.0,467.429
462.2,470.2,465.2,468.0,485.8,465.6,480.4,465.0,467.857
463.6,468.6,464.8,466.4,477.6,462.6,479.0,464.2,465.714
460.4,467.6,467.8,464.2,481.6,463.2,479.6,464.0,465.429
462.6,472.6,466.2,466.4,479.0,462.2,480.8,463.2,465.714
461.2,472.4,465.8,465.6,482.8,467.6,478.6,466.4,467.714
463.8,472.8,465.4,463.8,484.0,467.6,480.0,463.0,465.286
465.2,472.2,465.6,467.4,482.2,466.8,482.6,464.6,470.143
463.6,470.6,466.8,467.2,483.0,464.8,483.0,466.8,466.714
465.0,473.0,465.4,466.4,484.0,465.0,481.4,462.4,467.571
466.8,471.2,467.2,469.2,485.4,467.0,479.6,465.0,468.714
465.6,471.4,465.0,465.6,488.6,467.6,481.0,464.0,466.286
464.2,471.6,465.2,467.6,483.8,466.8,481.4,464.0,465.429
464.0,471.6,470.8,465.0,484.8,464.6,480.8,464.6,468.143
463.2,469.6,465.8,465.4,483.4,466.8,482.6,463.8,465.143
463.6,472.8,462.6,466.8,485.2,466.6,480.0,463.0,466.571
464.0,470.0,466.2,467.8,486.4,463.8,478.6,464.0,467.429
463.6,464.8,467.4,469.6,484.6,465.6,481.6,464.6,467.571
463.2,468.0,465.6,465.2,483.6,463.0,481.6,465.4,466.143
465.4,468.0,468.4,466.4,482.0,466.4,481.8,465.0,470.0
465.4,470.8,466.2,464.8,484.6,463.4,479.6,461.6,466.429
465.2,468.0,464.4,466.8,482.4,464.8,481.2,464.6,468.429
463.0,467.8,465.0,466.2,481.0,465.2,480.6,463.0,465.714
461.4,467.0,467.6,465.6,480.2,464.0,477.4,463.6,469.429
463.4,469.6,466.8,467.2,480.4,462.4,479.0,459.4,465.857
465.8,467.4,467.0,468.6,479.4,463.4,481.8,464.8,465.714
459.6,465.0,465.2,464.0,474.6,461.6,482.4,460.2,466.143
464.0,467.4,465.6,466.2,478.8,465.6,478.4,464.6,466.714
461.2,470.4,468.6,463.8,479.6,466.4,480.4,463.6,467.286
463.6,469.0,465.0,464.4,476.0,465.8,479.6,460.8,464.571
463.4,466.2,465.0,466.8,477.0,462.4,479.0,462.6,463.571
457.6,469.6,463.2,465.4,474.8,462.6,479.0,460.4,464.571
460.4,465.4,464.2,466.4,473.6,460.0,477.4,460.8,465.714
459.6,465.6,465.8,465.8,475.8,463.4,475.2,461.4,464.857
463.4,466.8,468.0,465.8,475.8,464.4,481.6,461.4,466.0
463.2,467.6,463.4,467.4,477.2,462.6,478.4,460.8,463.857
458.2,466.8,460.4,466.8,477.2,463.6,479.8,463.0,466.286
457.6,466.6,462.2,464.8,474.8,460.0,478.0,464.6,464.857
461.0,462.4,462.4,465.4,474.0,461.2,479.4,459.4,465.714
458.4,466.2,460.4,468.4,473.8,461.0,476.8,457.8,463.714
461.6,466.2,461.4,465.2,473.6,465.0,476.2,460.6,464.714
458.6,464.2,460.8,465.4,474.2,461.0,478.4,461.0,463.143
460.2,466.0,465.4,466.8,477.8,460.6,477.0,461.0,465.286
462.0,466.4,466.2,469.4,476.0,465.8,479.4,461.2,461.714
459.2,467.2,462.8,467.0,477.0,461.4,479.8,460.4,464.0
463.0,464.4,463.2,465.4,476.2,460.8,481.2,462.8,463.857
461.6,463.6,466.2,468.0,473.6,464.0,478.2,460.0,467.143
459.6,467.4,462.8,468.6,474.4,462.2,478.8,462.6,465.143
461.6,465.8,461.4,468.2,475.4,460.2,478.4,460.2,463.0
458.8,466.2,462.4,467.8,477.2,464.4,479.8,461.2,464.429
462.8,466.8,462.6,470.6,478.6,464.0,482.6,461.2,465.286
461.6,465.2,465.2,468.2,479.8,464.2,478.4,463.2,465.143
462.0,466.8,466.0,467.8,479.4,462.6,477.4,463.0,467.286
461.4,468.6,467.0,467.0,479.2,464.2,480.2,462.2,467.857
459.2,469.4,463.8,467.8,476.0,462.8,478.6,461.6,465.857
461.2,465.4,464.2,468.6,478.2,465.2,475.2,461.6,464.714
459.8,464.6,459.6,468.2,471.6,463.6,476.4,462.0,464.429
460.8,466.0,465.8,467.4,473.6,463.6,478.8,463.2,465.714
460.8,466.6,464.2,469.2,478.0,459.6,485.0,460.8,467.857
462.2,464.4,465.0,469.2,477.0,463.6,480.2,461.8,466.571
465.0,467.8,464.2,468.6,478.4,465.6,476.6,461.6,466.571
459.6,467.2,467.0,469.2,482.0,463.8,480.2,463.6,469.286
463.6,469.8,464.8,472.2,477.2,468.4,479.2,463.2,468.0
462.2,470.6,464.0,472.4,474.6,464.0,482.8,463.8,467.714
461.8,465.8,465.0,471.2,476.6,464.0,481.6,463.4,465.429
459.8,466.4,463.4,472.4,477.2,466.4,479.2,459.4,467.714
462.4,466.8,464.2,471.2,475.2,463.0,478.2,464.6,467.571
456.8,466.0,462.8,470.6,474.2,459.4,477.0,463.0,464.286
458.6,465.4,463.0,467.8,471.8,463.2,482.2,458.8,467.0
460.2,466.4,463.0,467.6,475.4,463.2,480.2,461.0,465.857
463.4,467.2,461.4,468.2,474.2,463.6,478.2,460.6,465.286
458.6,468.4,463.0,468.6,473.0,460.4,477.0,462.4,466.286
460.2,465.2,462.8,469.0,474.6,462.6,479.2,462.6,466.429
462.2,466.8,465.6,470.4,475.6,462.6,477.2,461.0,467.429
460.8,467.0,462.4,470.4,474.4,464.4,483.0,461.0,466.714
462.6,465.0,463.8,472.0,475.8,462.8,479.0,463.0,466.714
464.0,468.0,465.2,473.2,480.0,462.4,479.6,459.0,466.714
465.4,467.8,467.2,468.4,478.4,464.2,483.8,463.2,466.0
468.2,467.8,466.0,474.4,476.4,464.4,479.8,464.4,466.571
464.2,471.6,468.2,473.0,478.4,467.8,478.8,467.0,464.857
466.6,468.0,466.4,474.4,482.2,466.8,483.6,463.6,468.286
468.0,471.4,468.8,476.2,480.0,463.4,485.4,463.8,468.143
467.0,473.4,471.0,480.0,483.0,468.2,486.0,468.4,468.857
465.6,469.6,465.4,475.0,479.4,465.2,480.8,468.0,470.286
462.4,467.2,468.2,472.0,478.6,470.4,483.2,463.6,467.143
463.8,466.2,464.4,473.4,476.8,462.8,481.4,467.0,467.571
465.0,466.6,466.8,480.4,476.6,462.6,480.0,462.0,466.571
460.6,467.4,466.8,474.0,477.4,465.2,480.8,462.4,468.714
463.4,464.4,466.0,480.4,475.8,460.8,483.6,463.4,468.571
463.6,463.0,468.2,480.2,476.0,462.0,484.6,462.0,466.571
464.0,466.6,464.0,490.0,480.4,464.8,484.4,465.8,469.571
462.2,469.4,468.0,493.0,482.8,468.6,480.6,466.6,468.714
464.8,468.4,467.6,482.8,474.2,465.2,486.4,465.8,468.143
462.0,466.8,467.6,478.8,480.2,463.8,479.4,466.0,469.286
464.2,467.6,467.4,480.4,480.6,465.6,483.8,464.4,468.0
464.4,470.8,467.6,476.8,483.0,464.0,481.8,463.4,469.286
465.8,467.2,466.6,478.0,478.2,462.6,484.8,466.2,467.0
464.4,465.4,467.4,473.8,482.6,464.6,480.6,463.0,469.429
461.0,468.4,466.6,477.4,478.4,467.2,483.0,466.2,467.571
462.8,467.6,470.6,477.0,483.2,463.4,486.2,468.8,468.0
465.6,465.8,467.4,479.4,482.6,468.0,485.0,465.2,467.571
467.2,474.8,471.2,479.2,484.6,468.4,488.8,465.0,467.571
468.6,477.6,472.2,477.8,487.2,473.4,487.4,471.2,470.857
467.4,477.8,474.0,484.4,487.4,477.4,491.8,472.0,470.0
469.4,479.6,475.6,482.2,491.0,475.4,493.4,471.6,471.0
470.8,478.2,471.8,484.6,489.6,474.2,491.6,470.2,470.857
469.0,476.8,473.0,482.6,484.4,470.8,489.0,468.0,473.429
464.0,473.0,468.2,476.4,483.0,466.4,484.2,465.6,467.571
465.8,472.0,470.4,477.0,483.2,468.0,482.2,468.8,469.286
468.2,470.4,468.8,479.4,482.0,467.6,483.8,465.6,470.143
467.0,469.0,469.6,476.6,482.4,466.6,486.0,466.6,471.286
468.6,472.6,469.8,478.6,483.6,473.0,484.2,467.6,470.571
467.8,469.6,471.0,479.2,484.4,469.0,486.6,467.0,471.143
466.0,474.6,470.8,477.6,481.0,469.0,488.4,466.4,471.857
464.2,473.8,471.6,479.6,488.8,472.0,491.2,467.6,470.714
469.2,473.0,468.4,483.6,488.4,474.2,487.4,470.2,472.0
466.8,473.4,473.8,479.8,484.2,471.6,486.4,470.8,469.429
469.2,475.2,471.2,483.6,487.8,467.8,486.6,466.6,470.857
466.0,474.4,470.8,481.0,490.6,468.8,491.0,468.0,471.286
465.0,474.2,470.2,479.8,491.2,469.6,483.2,466.8,472.143
467.8,474.4,472.2,485.2,488.4,468.2,490.0,468.8,471.429
465.2,472.8,472.6,481.4,487.8,471.4,491.8,469.6,469.857
465.6,474.6,469.2,482.4,491.8,468.4,485.6,467.6,471.286
466.0,471.8,471.8,483.2,489.0,471.8,487.0,465.6,470.714
465.8,474.8,467.6,480.8,486.6,470.8,489.4,465.0,470.143
466.8,470.6,466.6,481.8,489.4,472.2,487.8,468.2,470.571
469.6,476.0,470.4,483.2,488.8,470.6,487.0,466.4,471.857
467.2,472.4,470.8,482.6,490.2,470.8,489.8,468.6,471.286
470.0,473.8,473.0,482.0,490.0,474.4,488.4,466.8,468.857
466.4,472.6,473.2,482.4,493.2,476.2,491.0,471.4,473.0
471.8,477.4,472.6,483.4,488.8,475.8,491.2,472.0,476.143
470.4,476.8,474.6,486.6,492.8,470.6,490.0,470.4,474.857
467.2,475.6,473.2,483.2,493.4,473.0,493.2,471.2,474.286
467.0,472.6,471.0,485.8,492.8,472.8,490.6,471.6,477.0
470.0,477.8,471.8,487.8,492.2,468.6,489.8,472.6,474.571
466.4,475.6,471.0,485.4,488.0,471.0,488.2,471.4,470.286
470.0,475.6,471.4,487.2,488.8,469.8,491.2,468.6,470.286
469.6,476.0,472.2,484.0,491.4,474.4,486.6,472.4,470.857
465.8,473.0,473.8,480.4,493.8,474.0,492.0,471.6,472.143
471.0,476.4,472.4,486.0,493.8,475.8,491.6,471.0,476.0
469.6,475.6,476.0,485.6,494.6,475.8,493.2,473.6,475.0
470.8,475.4,470.8,486.8,496.4,474.4,490.0,469.4,475.0
468.6,477.0,474.8,489.0,495.0,475.2,491.8,475.4,475.571
469.2,476.8,471.4,485.4,492.8,474.4,490.6,474.2,472.571
469.0,474.8,473.8,485.6,495.6,474.6,497.6,470.8,474.714
472.6,477.2,471.4,485.4,495.6,472.2,493.6,471.0,474.714
468.2,481.4,472.0,487.2,494.6,474.6,497.4,470.6,473.286
472.0,477.2,472.6,487.0,497.0,477.4,494.4,470.8,475.857
469.4,477.8,475.4,486.6,496.4,475.6,492.6,472.8,476.714
471.6,475.4,474.0,487.6,493.6,475.4,493.0,472.8,475.0
471.0,478.6,474.6,488.8,494.4,474.0,492.8,471.4,476.571
470.2,476.2,473.6,487.6,488.8,474.8,495.8,472.0,473.286
468.4,474.8,469.8,486.6,492.6,475.2,491.8,467.8,473.429
472.0,475.4,473.0,490.2,491.2,477.6,489.4,469.4,474.143
467.4,474.4,474.2,488.2,494.2,475.8,495.0,471.2,471.143
471.4,478.4,472.8,487.0,492.6,471.6,495.0,468.8,474.429
468.4,475.4,472.2,489.0,491.2,474.6,492.2,472.2,472.857
469.6,477.0,470.4,492.4,489.2,475.2,493.2,470.2,476.429
476.0,475.0,479.8,495.4,495.8,477.0,499.2,476.0,477.857
471.2,478.6,475.8,490.2,496.8,473.2,496.0,473.6,476.857
471.4,477.0,476.8,493.8,493.8,475.0,495.8,472.4,477.286
471.6,477.2,474.2,492.6,489.4,474.2,495.6,472.6,474.0
471.0,474.4,478.4,490.8,495.4,476.0,495.0,472.0,474.143
470.6,474.0,474.4,494.0,493.0,476.8,493.8,471.8,474.571
471.0,478.0,475.2,499.4,496.2,478.8,497.2,472.4,473.857
471.0,477.4,479.0,496.4,494.8,479.6,495.6,475.8,477.0
473.0,478.6,473.4,494.8,496.6,477.0,498.4,474.6,478.286
473.0,473.8,477.4,496.4,495.4,477.6,496.0,474.8,475.143
470.6,476.6,476.2,494.8,496.2,474.6,496.2,473.8,475.571
468.4,475.6,475.6,498.4,496.0,477.4,502.4,472.6,476.286
468.4,474.0,476.8,498.0,500.2,476.4,503.4,476.6,476.857
468.6,474.6,475.4,494.2,497.2,477.6,499.0,472.0,477.714
470.0,476.6,476.2,496.8,496.6,476.4,499.6,475.6,478.143
472.2,474.2,475.2,494.0,498.4,479.4,500.4,472.4,478.857
472.4,478.8,476.4,493.4,501.2,477.4,500.2,475.2,476.714
473.8,478.8,477.2,502.4,501.2,482.0,500.4,478.2,483.714
472.2,478.2,477.4,498.0,501.8,478.0,505.4,474.8,480.571
472.4,480.0,479.2,496.4,498.4,480.6,502.0,474.8,483.429
472.2,478.2,481.2,496.4,502.2,482.0,503.4,478.6,480.571
471.2,483.4,474.6,494.4,500.4,477.2,505.8,477.0,478.0
472.4,481.8,474.2,496.6,502.6,480.2,501.8,476.6,480.143
471.6,478.8,479.6,494.2,503.4,478.0,505.4,473.2,482.429
474.0,481.8,476.6,493.4,501.6,479.6,503.6,475.2,483.571
467.6,481.0,479.4,499.4,500.4,473.6,504.6,475.8,481.571
474.2,480.2,477.0,497.8,498.6,480.6,499.8,477.8,482.571
478.4,482.8,481.6,498.0,508.8,480.8,506.8,479.8,482.0
474.8,483.6,487.4,506.8,508.4,483.2,514.6,485.2,482.714
478.6,483.0,486.4,507.8,509.6,488.4,513.4,485.8,487.571
474.8,481.2,483.0,504.0,504.8,479.8,504.4,480.8,484.429
470.4,477.6,477.4,499.0,494.8,477.8,499.8,476.6,479.286
469.8,476.2,475.0,491.8,490.6,481.2,495.4,473.4,479.429
470.8,475.2,474.4,496.8,487.0,475.4,494.0,472.8,480.143
470.8,472.0,473.0,493.8,488.2,472.8,495.0,471.6,475.857
468.0,474.8,470.6,492.6,486.8,472.8,491.8,471.4,475.286
466.4,472.0,469.6,494.2,488.0,476.6,490.8,467.6,475.0
471.6,475.2,475.2,489.8,484.4,474.4,493.4,469.8,473.571
468.8,472.8,473.8,492.8,487.8,476.0,493.8,472.6,472.714
468.2,474.6,475.4,496.4,494.0,476.0,493.4,475.0,476.571
469.4,474.6,479.6,490.4,489.2,476.0,496.8,475.4,478.429
469.4,476.2,476.8,494.4,494.8,474.4,490.8,471.0,476.429
467.0,476.8,473.2,495.6,494.8,478.6,495.2,472.6,476.714
470.4,473.0,474.2,495.2,487.0,473.0,493.6,469.0,476.143
469.2,476.8,474.2,498.8,495.2,475.8,499.0,473.6,479.714
471.4,474.4,475.2,491.2,486.2,474.4,496.4,471.6,473.571
471.6,473.8,472.8,494.8,487.8,478.4,496.0,470.4,477.0
471.4,476.6,473.2,491.8,488.4,474.6,492.8,470.0,474.571
470.0,474.4,471.8,492.2,491.2,476.6,494.0,468.0,477.286
473.2,477.4,470.2,494.4,492.2,478.8,495.8,472.4,478.143
472.4,479.4,472.8,491.8,492.4,481.8,494.6,474.2,476.571
471.8,477.0,469.6,492.2,491.4,479.8,497.2,472.0,474.0
470.2,478.2,477.2,496.4,494.4,480.0,498.6,474.0,477.286
469.4,478.2,472.2,494.6,495.8,480.8,497.8,474.6,476.714
473.4,478.0,475.0,491.4,496.8,478.0,499.6,474.0,479.571
472.2,477.8,473.4,497.4,501.2,480.6,498.0,473.0,478.429
470.0,479.2,474.8,493.6,498.2,480.8,495.6,474.0,481.143
474.2,480.2,475.6,494.6,499.4,477.8,500.4,475.8,477.143
472.2,479.8,475.8,497.0,503.4,483.4,501.0,477.2,478.714
476.8,482.4,473.4,496.2,500.4,482.0,499.4,478.4,478.857
473.8,484.6,477.8,495.8,503.2,481.4,497.2,476.8,480.143
477.2,479.0,478.0,497.8,500.8,483.6,505.0,476.8,479.714
473.2,483.8,477.6,495.6,502.4,486.8,503.2,478.6,479.714
478.6,486.0,479.6,501.6,502.0,483.2,502.0,480.2,480.571
477.8,488.6,479.2,498.8,503.4,485.0,503.0,477.6,481.857
476.8,490.2,480.8,499.6,507.6,488.2,506.4,482.4,481.429
475.8,486.6,481.0,501.2,501.2,484.0,499.6,479.8,481.714
475.0,485.2,478.4,503.0,499.4,486.6,504.0,478.4,482.0
477.6,484.6,479.6,506.2,500.2,486.8,502.0,477.6,483.143
477.4,483.4,477.0,497.6,497.2,485.4,501.4,478.4,482.857
474.2,480.4,474.4,498.0,493.8,484.4,500.0,476.4,480.286
473.8,483.0,476.8,502.6,492.6,478.2,502.2,476.4,477.571
473.6,479.2,475.4,498.0,494.0,481.2,502.6,472.8,481.714
471.8,480.2,477.6,501.4,492.0,478.4,498.6,474.0,478.429
470.0,481.2,474.4,502.6,495.8,478.8,497.4,475.4,479.857
473.8,479.8,473.6,505.2,495.0,480.8,500.4,477.0,479.0
473.0,478.8,478.4,510.0,496.4,481.2,503.2,477.2,480.0
470.6,480.0,477.4,514.0,496.2,479.6,498.4,477.2,483.286
471.0,479.6,475.0,510.0,493.8,478.4,501.2,468.8,484.571
470.2,479.0,471.8,506.0,493.0,476.6,498.4,475.8,482.857
466.4,475.4,471.2,505.2,487.8,475.2,492.6,466.4,478.571
466.8,473.8,469.6,494.2,492.2,472.2,494.4,467.6,476.429
467.0,472.6,468.2,495.8,491.2,474.6,492.0,464.6,479.0
467.4,472.0,467.4,490.0,488.2,473.6,492.6,469.6,476.143
468.8,475.0,466.8,491.6,489.4,476.6,493.4,470.8,474.857
470.2,474.0,469.8,497.8,494.2,479.6,496.4,473.0,481.286
466.4,473.6,470.8,492.2,489.0,474.8,488.8,469.8,476.0
467.4,472.2,471.6,494.2,489.4,474.4,491.6,472.2,476.0
471.6,473.4,472.4,495.0,486.8,477.0,494.6,470.8,477.143
469.0,475.0,474.0,494.8,488.4,474.8,496.8,468.2,477.714
469.6,477.6,468.0,493.8,486.0,474.6,491.0,474.2,473.0
466.0,476.8,468.6,493.6,491.4,471.6,495.0,471.8,478.857
468.4,471.8,472.0,499.0,486.8,478.4,492.4,468.0,478.0
468.4,475.8,471.4,499.0,488.8,476.6,496.4,473.2,478.0
468.2,475.2,471.6,495.8,484.4,477.6,492.6,472.0,479.286
468.4,471.0,469.6,503.0,485.0,476.6,496.2,473.4,479.143
467.6,474.8,474.4,497.6,485.0,475.6,492.2,473.4,478.429
468.2,473.6,472.0,498.2,483.2,475.8,495.2,469.6,479.0
466.8,474.0,471.8,494.0,481.4,473.0,494.4,469.4,475.571
464.6,471.6,467.8,493.6,486.0,471.0,492.6,466.6,475.714
464.0,472.8,469.2,486.8,481.2,474.8,492.0,469.8,477.429
465.2,470.0,472.2,489.6,480.2,472.0,493.2,475.6,474.143
466.0,469.6,467.2,492.4,481.0,475.2,495.2,469.4,474.429
467.2,472.2,471.0,490.0,482.2,473.8,495.4,473.0,477.429
469.6,472.4,472.6,489.4,481.4,472.8,492.8,474.8,477.714
470.0,474.0,471.4,494.4,484.6,473.2,494.0,474.2,476.0
470.6,474.4,475.8,500.2,486.8,477.0,498.6,472.0,477.571
471.0,476.0,474.6,497.6,488.6,476.8,500.0,471.6,479.571
474.4,479.0,478.0,497.2,490.4,477.6,500.6,481.4,479.143
473.4,478.8,476.2,500.4,493.6,478.8,501.4,479.8,480.571
472.8,475.8,474.8,498.4,485.8,475.2,502.4,478.6,480.857
472.6,476.8,478.4,498.4,490.2,478.0,497.2,480.2,478.714
475.2,474.8,476.6,499.4,489.4,480.4,500.2,479.0,482.143
473.2,483.8,478.2,501.8,489.8,482.8,509.6,477.2,480.429
477.0,476.8,483.0,503.2,492.6,485.2,508.4,480.6,488.143
476.4,480.6,480.4,504.6,492.8,486.0,506.6,480.4,480.286
476.8,482.0,483.6,513.6,497.8,485.2,509.4,485.0,485.0
478.4,484.2,479.8,503.6,499.8,492.2,511.0,482.0,484.571
479.4,487.4,484.0,506.2,493.8,485.6,509.4,489.4,484.571
479.0,485.0,483.6,515.0,498.4,492.6,517.6,490.0,485.429
479.2,491.2,484.2,513.0,503.8,487.8,514.0,485.8,484.571
474.4,487.4,485.0,512.4,501.2,495.8,509.8,487.6,488.0
480.2,489.8,487.4,504.6,501.2,494.0,513.4,485.4,486.571
483.4,488.8,485.8,509.8,505.0,490.6,514.6,487.8,487.0
480.2,489.2,485.0,507.4,500.6,491.4,519.8,485.6,487.857
481.2,486.8,487.6,503.4,501.0,491.4,514.6,493.4,486.857
481.4,487.8,486.2,512.2,505.4,489.4,519.0,489.6,489.286
474.6,489.6,483.2,509.4,505.2,492.6,512.6,486.2,486.429
481.0,490.0,480.0,505.2,506.0,495.6,517.0,485.4,485.571
479.2,488.0,483.8,504.2,503.4,489.2,517.2,483.6,487.429
477.6,488.8,482.0,508.4,503.0,491.4,509.0,486.4,484.286
480.4,485.2,482.8,501.2,501.4,490.8,512.0,482.2,485.429
478.2,485.6,478.6,505.0,503.4,488.8,511.4,482.4,484.286
476.2,485.4,483.4,506.4,499.6,489.6,508.4,483.0,482.143
475.4,483.0,477.6,502.8,501.8,489.2,509.0,480.8,485.286
476.6,485.4,479.2,501.4,498.2,489.0,507.6,480.2,481.857
475.4,485.6,476.8,510.6,500.6,487.2,509.8,482.4,484.857
478.0,487.8,481.0,501.8,499.6,488.4,517.2,482.8,479.714
479.4,482.8,482.2,501.6,500.8,493.6,506.8,485.0,482.714
478.6,487.4,481.4,502.4,502.0,491.6,512.0,482.4,484.286
480.0,487.4,484.6,505.2,501.6,489.6,512.8,480.2,483.714
481.4,484.8,490.0,509.4,505.0,494.6,513.4,486.2,485.0
477.4,486.0,486.0,510.0,500.4,493.6,519.4,487.8,488.286
481.2,487.4,485.0,513.2,505.8,494.0,524.6,488.0,484.571
486.0,491.4,486.2,516.6,509.0,496.2,516.0,490.0,491.714
483.8,496.0,487.8,513.0,509.6,499.0,516.4,490.0,488.857
481.0,492.8,488.8,520.2,510.2,499.4,521.6,491.6,491.286
484.2,490.2,486.8,521.4,511.4,494.6,522.6,489.0,490.0
484.6,489.8,490.6,528.8,510.6,500.4,524.0,492.6,487.286
484.8,490.8,490.6,525.8,511.4,501.4,525.0,492.2,487.0
484.8,491.8,491.0,522.8,512.0,502.2,525.6,491.8,487.286
484.8,492.8,491.0,519.4,512.8,503.0,526.2,491.8,487.429
485.0,493.8,491.0,516.4,513.6,504.0,527.2,491.4,487.143
488.0,495.2,491.8,519.4,509.4,504.2,526.4,490.8,488.286
485.4,494.4,491.0,518.6,514.2,503.8,522.0,490.0,486.0
487.6,494.2,487.4,513.6,507.0,503.4,522.4,491.0,491.429
487.8,493.8,490.0,518.4,508.8,499.6,524.0,490.0,490.714
482.4,492.2,489.0,517.0,512.2,503.2,524.2,490.8,488.857
486.8,498.4,491.6,519.4,516.8,506.2,524.4,493.0,488.143
488.6,503.6,491.4,525.4,517.6,510.0,529.6,494.0,491.143
489.4,496.2,493.0,522.2,515.4,505.2,529.4,494.2,489.857
485.2,496.4,491.6,524.0,512.6,504.0,520.4,491.6,496.286
485.8,496.2,489.6,525.2,512.2,501.8,521.0,491.6,491.429
484.8,490.6,485.6,517.0,510.8,498.8,518.2,490.6,488.429
482.4,490.2,481.2,510.0,505.0,489.8,511.6,482.6,490.714
480.0,487.6,482.0,510.4,505.4,493.0,512.2,483.8,486.571
478.8,484.8,479.6,510.0,502.4,491.8,511.4,484.4,486.429
474.4,487.0,480.4,509.6,500.2,494.6,509.8,482.8,484.0
479.0,485.6,477.2,506.6,501.2,491.2,512.6,483.2,486.286
480.6,482.8,480.2,510.0,496.0,490.6,508.0,481.6,484.286
477.2,482.8,480.0,509.6,495.6,489.4,506.6,481.2,484.286
478.6,483.2,478.4,511.0,499.2,488.2,513.0,481.6,482.857
478.6,487.8,476.8,510.0,497.4,489.2,505.0,484.0,485.286
480.8,485.8,479.2,511.6,494.2,493.6,506.2,478.0,485.143
478.0,487.2,473.8,512.4,499.4,488.6,505.8,480.0,479.429
478.0,486.0,476.6,507.6,498.6,490.0,504.0,479.0,482.571
479.0,484.2,477.0,508.8,495.6,493.0,504.4,474.8,482.571
477.8,486.4,474.0,508.6,499.0,489.2,500.4,478.0,481.286
479.8,484.2,476.2,504.8,500.0,487.4,508.6,480.6,482.143
475.4,483.0,475.6,506.6,498.4,488.0,500.0,478.8,480.0
478.4,483.8,475.8,504.8,498.0,485.2,501.8,479.4,481.143
476.8,484.6,476.6,511.2,498.8,486.4,506.4,481.4,482.286
475.8,484.8,476.4,502.2,498.8,486.4,503.8,477.6,482.143
472.0,481.6,477.8,505.8,497.2,485.6,501.6,480.8,480.857
477.4,483.6,476.0,505.2,500.2,489.4,506.0,479.4,480.286
476.2,482.0,474.4,504.6,500.6,484.8,504.8,477.8,481.714
477.0,483.2,477.0,503.4,504.4,487.8,500.8,479.6,478.429
474.6,483.4,475.0,503.6,501.0,487.6,504.8,475.0,480.429
475.0,483.0,472.8,503.0,496.8,486.6,503.0,474.8,479.571
474.8,485.6,473.4,499.0,499.4,488.6,500.2,478.8,481.429
475.0,481.4,475.0,502.0,499.4,487.2,502.6,478.6,481.286
477.6,479.2,475.0,509.0,493.2,488.8,503.8,477.4,478.857
478.8,483.8,474.4,502.8,498.4,488.8,507.4,477.0,480.857
476.0,479.6,475.0,502.6,495.0,488.6,504.8,479.8,479.0
475.8,484.8,475.6,499.6,498.6,486.2,507.8,477.2,482.286
477.6,482.0,478.4,501.8,496.0,488.2,509.4,481.4,479.286
475.2,482.0,476.0,502.6,495.0,487.4,507.8,479.0,484.429
476.4,481.8,481.2,502.6,499.0,488.8,506.6,479.2,484.714
478.6,488.8,479.4,502.4,499.6,489.8,511.2,480.6,483.143
481.2,486.8,482.4,506.2,500.2,491.6,515.8,483.6,485.0
483.0,487.0,484.2,511.0,506.0,498.4,521.2,485.8,486.714
482.4,488.4,486.8,508.8,510.4,499.4,519.6,488.6,486.429
485.0,492.8,487.2,514.2,518.2,500.4,527.4,494.8,485.857
487.6,491.6,491.2,516.0,523.2,506.0,530.8,494.0,489.571
489.8,492.6,492.4,516.8,518.6,504.8,528.2,499.6,490.286
488.2,496.8,490.8,517.4,526.4,504.6,527.0,497.6,490.429
486.0,494.2,491.0,516.6,520.8,504.2,525.4,493.8,491.857
488.6,495.4,489.6,513.4,513.0,504.0,528.0,499.2,489.429
484.6,490.4,489.8,517.6,516.2,502.4,522.2,494.0,490.714
485.4,491.4,486.8,516.8,512.8,504.6,519.2,492.2,489.143
486.0,492.2,484.8,510.0,512.6,496.8,517.4,488.6,487.571
478.0,488.8,483.4,512.2,502.6,498.0,517.2,486.6,487.571
482.0,484.6,480.2,508.4,502.0,490.0,514.4,486.6,486.143
477.6,483.8,478.4,508.8,501.2,493.4,509.6,483.8,487.857
478.2,487.0,476.4,504.4,498.6,486.8,512.4,483.8,485.429
477.6,484.0,478.8,501.0,492.8,492.2,507.8,483.8,486.143
474.6,481.8,477.8,504.6,493.8,488.8,510.2,478.6,482.571
478.4,481.6,476.2,502.4,489.2,489.0,510.2,481.0,482.429
475.8,482.6,476.2,503.6,490.2,490.6,501.2,478.2,480.0
472.8,476.8,476.6,504.2,488.0,489.4,503.0,478.6,481.571
468.4,477.4,474.8,502.0,488.0,487.4,503.0,476.2,479.714
468.8,473.6,468.8,500.2,485.2,480.4,498.0,478.4,479.429
467.2,474.4,467.6,496.0,480.0,473.4,493.0,472.4,476.0
465.2,471.4,464.6,494.2,482.4,472.0,491.2,471.6,477.429
465.6,469.4,464.6,490.6,479.8,472.2,493.6,468.4,477.429
467.0,468.4,467.6,487.8,473.0,476.4,491.4,470.2,474.0
464.6,467.8,465.6,490.6,477.8,474.8,494.2,471.2,474.857
464.6,468.6,466.8,492.2,477.6,471.4,490.8,464.8,476.143
467.0,470.0,464.4,489.6,478.6,471.8,491.0,468.2,476.143
464.0,471.6,462.2,487.6,475.8,472.2,495.0,468.0,473.143
466.0,468.8,463.4,489.0,476.6,473.8,485.8,468.4,470.143
462.8,466.8,465.0,489.2,478.6,473.6,492.2,468.4,474.0
464.4,466.8,463.6,488.4,473.6,473.0,492.8,466.2,471.429
461.4,465.4,464.8,490.2,472.2,474.8,493.8,463.6,471.857
464.8,467.6,466.0,488.4,474.4,470.0,489.6,463.2,474.857
462.6,469.0,462.6,491.2,472.4,468.4,485.8,464.4,475.857
463.0,468.2,464.2,488.8,474.0,473.4,488.6,463.4,474.143
464.4,467.2,464.2,488.8,476.4,471.4,493.8,466.8,473.286
461.0,467.0,465.4,489.6,475.4,471.6,490.0,466.2,474.143
468.0,467.0,462.8,491.8,474.6,468.2,489.0,465.8,476.571
463.6,467.8,466.0,488.4,474.8,472.0,491.6,465.6,472.714
467.0,466.4,464.2,494.0,476.2,468.0,492.0,468.0,473.857
462.8,468.0,464.2,497.0,473.4,470.4,490.2,466.0,473.571
463.2,469.8,464.4,491.2,478.8,471.6,492.8,466.6,473.286
463.8,467.0,466.0,494.8,477.4,470.6,495.0,467.6,476.714
463.8,469.6,467.0,495.0,477.6,468.8,493.0,468.0,474.429
467.4,470.2,466.8,496.4,476.6,473.2,494.8,469.6,476.0
467.6,474.4,466.4,497.0,482.8,475.2,491.4,466.2,479.714
467.2,470.4,469.2,501.0,480.0,473.6,501.2,470.2,479.0
468.0,469.4,468.2,501.8,479.2,473.4,497.8,468.6,479.857
469.4,472.2,469.2,498.0,482.4,477.6,500.2,469.4,479.571
468.2,473.6,471.0,505.8,483.0,479.6,496.2,471.4,478.0
471.2,472.8,470.0,503.0,483.8,482.4,502.0,476.8,480.571
472.0,476.2,472.4,509.4,483.2,483.8,504.2,476.4,481.143
468.2,478.6,472.6,507.8,485.6,484.6,503.0,474.4,481.571
472.4,479.8,475.4,510.6,488.2,486.4,510.4,475.2,483.143
471.4,478.8,476.4,516.8,484.6,485.8,506.8,480.8,485.0
465.6,478.2,473.2,516.6,485.0,488.6,508.6,478.4,485.714
469.2,481.0,474.2,514.4,485.0,483.0,506.2,474.0,483.429
469.6,478.2,474.4,513.2,485.6,477.0,505.0,472.8,483.857
470.8,474.6,472.0,512.2,484.6,477.4,505.4,476.0,482.143
467.6,471.8,468.2,513.4,481.0,476.4,500.2,474.2,482.857
464.8,473.8,468.8,505.6,481.8,476.2,499.2,471.4,483.0
468.2,472.6,469.2,507.0,477.4,474.4,497.8,474.2,481.571
468.8,470.6,471.6,500.4,480.2,475.4,496.6,473.2,481.143
464.0,475.8,470.0,502.4,486.6,482.2,496.2,472.8,479.571
466.2,472.8,469.2,501.6,481.6,476.4,500.0,476.6,477.714
471.2,476.4,469.0,505.8,486.4,483.8,502.4,475.0,480.143
471.0,477.6,471.8,503.8,483.8,478.0,504.0,478.6,482.286
469.0,475.2,471.4,501.8,484.2,481.2,507.4,474.4,482.0
469.8,476.2,473.0,502.4,485.2,480.8,504.2,473.0,480.714
470.8,475.6,472.0,504.6,483.4,481.8,499.6,472.6,480.429
471.2,474.2,471.4,501.2,486.4,482.6,502.2,478.0,478.857
471.4,477.0,470.6,499.2,487.0,484.6,501.4,477.6,479.857
469.4,475.6,472.2,504.8,485.4,477.8,503.4,480.0,480.714
468.6,474.2,471.0,498.8,484.2,479.8,501.4,476.2,482.429
468.2,475.6,471.4,497.2,484.0,482.4,500.2,471.2,482.143
469.4,474.4,472.2,498.8,483.8,477.8,506.2,473.0,481.714
471.0,477.2,472.4,500.2,487.4,479.4,500.6,474.4,480.429
471.8,477.2,472.4,502.2,483.6,479.4,502.2,474.6,481.143
471.4,476.0,471.6,504.4,485.8,479.8,501.0,473.8,481.286
470.6,479.6,470.4,500.6,489.4,485.4,510.2,474.6,480.0
473.4,477.6,473.4,501.0,489.0,486.8,506.0,481.4,479.571
474.8,483.8,475.6,506.0,493.6,487.2,508.6,477.8,479.286
474.4,483.6,477.0,501.4,492.2,487.2,506.8,482.6,485.571
479.6,483.2,478.6,509.6,495.8,491.0,511.0,482.0,484.429
477.4,487.6,476.2,511.4,499.4,494.2,517.6,483.8,482.571
477.4,490.8,480.6,517.2,497.4,495.4,518.0,487.8,484.714
479.0,494.0,480.6,517.4,501.6,500.2,515.4,488.0,484.429
478.8,487.4,484.8,511.6,502.4,496.4,524.2,488.6,484.714
481.6,490.0,481.6,515.8,500.4,499.4,517.2,493.2,487.286
480.2,489.0,485.2,515.8,500.6,499.0,516.8,489.8,486.714
479.8,489.8,486.0,516.6,505.0,495.2,522.4,491.2,485.286
478.6,491.0,481.8,519.2,502.4,499.4,517.2,489.4,489.571
480.8,491.2,482.2,520.2,501.8,496.2,517.0,492.6,487.571
481.0,486.8,481.8,517.8,500.4,494.4,518.4,481.6,490.286
479.4,491.6,482.4,516.2,497.2,495.2,516.8,489.4,485.714
477.6,486.6,477.6,510.2,498.0,493.6,512.4,486.0,481.857
473.4,485.2,480.6,511.0,494.6,490.4,510.4,483.8,484.429
474.0,482.2,477.0,508.0,491.2,489.8,510.0,481.0,482.571
474.6,482.0,472.6,506.8,490.0,487.4,506.0,480.0,483.286
472.6,477.6,472.2,498.2,485.0,483.2,507.6,480.6,481.714
472.6,476.4,473.8,499.2,485.2,483.6,509.0,478.4,481.143
470.0,474.8,469.6,499.4,483.4,485.8,500.6,478.2,480.857
471.6,473.0,468.8,496.0,479.8,480.4,497.0,476.4,475.857
470.6,474.6,466.6,497.4,483.2,479.0,496.8,474.2,476.571
467.8,474.8,466.4,492.8,480.8,476.8,493.8,470.4,475.714
469.2,471.4,460.0,493.8,478.8,475.8,490.2,466.0,474.714
465.8,466.8,464.0,484.2,472.0,474.6,490.0,469.2,474.429
464.0,469.0,461.4,488.2,473.2,470.8,484.4,463.2,472.714
465.8,468.0,459.8,486.4,471.4,471.0,488.0,465.2,476.571
463.6,465.2,458.4,486.6,472.0,472.2,485.6,464.6,469.429
464.4,464.6,457.4,484.0,472.4,468.2,483.2,463.8,471.571
464.8,464.6,459.0,481.0,468.0,469.0,482.2,464.8,469.857
463.8,460.0,459.8,480.6,470.2,470.6,480.2,463.4,472.0
461.2,467.8,459.6,481.2,469.0,467.2,480.6,462.8,470.0
461.6,464.2,460.6,480.4,468.6,467.8,481.6,460.6,469.286
459.2,464.2,456.4,481.2,470.0,466.2,481.2,460.2,472.0
459.8,464.2,457.6,479.6,470.6,464.0,483.4,460.6,467.714
460.4,465.4,459.4,476.4,468.6,466.2,479.0,459.4,469.714
462.4,463.8,458.8,477.8,469.0,466.2,483.8,459.0,468.143
463.4,458.8,457.2,479.0,467.4,468.0,479.4,459.2,470.143
463.8,465.6,458.6,481.6,467.2,466.8,478.4,460.0,467.143
459.8,463.2,456.6,480.4,465.2,464.6,480.6,457.0,467.571
461.0,461.4,456.4,479.6,470.2,464.0,479.0,459.6,466.857
463.0,462.4,457.6,478.2,470.2,463.4,476.0,459.2,468.857
460.8,461.4,456.6,479.8,471.4,468.2,481.6,457.8,467.286
460.4,461.4,458.8,480.8,466.4,466.8,477.8,460.6,468.143
460.8,461.4,458.0,479.2,468.8,464.0,478.6,457.8,470.143
462.8,462.2,457.4,477.6,468.8,464.4,479.2,458.8,468.143
464.2,461.8,458.6,480.0,466.2,463.6,478.8,458.2,470.286
458.8,459.2,457.2,478.4,464.0,465.6,478.4,459.0,468.571
459.8,462.0,459.0,478.4,464.0,464.0,478.2,457.8,469.714
460.6,462.4,458.8,479.8,466.4,464.8,478.6,457.6,468.429
461.4,465.0,456.4,476.6,465.4,466.2,475.2,458.4,466.286
460.0,462.2,456.0,476.4,465.6,458.8,472.0,458.4,468.429
458.8,461.4,456.6,479.2,467.2,462.2,476.2,455.8,468.143
459.8,459.6,455.4,478.4,468.2,466.8,477.0,462.0,467.143
462.6,463.0,454.4,479.8,465.4,464.2,477.4,457.4,465.714
457.4,461.4,455.4,472.8,464.2,463.8,475.2,456.0,465.857
458.0,457.4,453.8,478.2,466.0,461.4,475.8,457.2,466.714
460.0,462.2,455.0,476.8,463.6,464.6,474.0,457.2,465.714
459.8,461.0,454.8,476.6,464.2,464.0,473.4,454.6,465.429
459.4,458.6,456.8,477.4,465.8,463.8,472.6,457.2,468.0
462.0,462.0,457.2,479.0,461.4,463.4,473.6,457.2,466.286
461.6,460.0,456.0,479.4,465.8,463.0,475.8,458.6,468.857
464.4,457.8,457.8,479.4,464.6,465.2,476.2,456.2,467.714
460.8,456.0,456.0,475.4,465.8,462.2,473.4,456.6,467.429
459.4,461.4,457.0,478.6,464.0,464.6,473.0,457.8,465.857
462.4,458.8,453.6,479.2,461.6,463.4,474.4,456.4,467.0
460.4,456.2,454.8,480.0,464.2,464.2,472.4,454.6,467.143
462.0,462.0,452.6,476.8,466.8,463.2,477.6,455.4,464.857
459.0,460.0,456.0,473.2,463.2,464.0,474.4,455.6,467.143
461.8,461.0,454.0,481.0,463.6,465.2,477.2,455.8,468.0
460.4,461.6,456.4,479.8,464.8,462.2,472.4,457.2,468.571
460.2,457.4,454.6,477.8,468.2,465.2,473.6,458.4,468.429
460.0,460.0,455.6,477.2,464.2,465.8,474.8,455.2,466.714
458.0,459.4,455.6,476.6,462.4,459.4,474.6,457.2,467.143
458.6,458.8,453.4,481.4,465.0,464.4,475.0,457.2,465.714
457.6,460.0,455.4,477.8,465.4,467.2,473.8,455.8,466.429
460.0,458.8,453.8,477.4,463.2,466.6,476.0,456.6,467.429
459.2,461.2,455.8,477.6,462.4,465.4,471.4,455.6,466.571
461.6,460.6,454.2,479.2,463.4,465.2,475.6,456.8,464.429
461.0,460.0,454.4,477.6,462.6,464.4,473.6,457.8,467.0
461.0,458.2,453.8,476.2,462.0,465.4,476.0,458.4,466.714
457.0,461.2,454.4,477.0,463.0,466.6,471.8,456.4,467.0
460.2,459.8,453.0,479.2,461.8,462.8,475.2,455.4,468.286
459.6,457.2,455.2,479.0,463.4,465.0,475.2,457.8,466.857
461.8,459.0,452.2,483.2,464.8,463.8,474.4,458.6,466.429
461.4,458.4,454.4,474.8,466.0,465.8,475.8,457.2,466.143
459.6,459.4,458.0,482.4,466.2,465.8,476.2,456.2,466.571
459.4,460.8,453.4,478.2,462.2,464.0,473.6,458.4,467.429
456.4,459.0,454.4,478.0,465.2,464.0,474.4,456.4,466.143
461.2,460.4,453.2,481.4,463.6,464.8,472.4,455.0,466.286
462.0,459.8,454.2,483.4,462.2,466.2,477.0,454.8,467.143
460.2,458.4,454.8,480.2,462.8,463.4,475.0,456.4,468.286
461.8,458.8,453.6,482.4,463.4,464.0,473.2,456.6,467.286
462.2,461.2,454.0,480.8,463.4,466.0,475.2,457.0,468.857
461.6,461.0,457.0,476.6,465.6,467.0,473.2,457.2,467.571
459.0,461.6,453.8,476.4,464.6,465.4,472.8,458.8,466.714
460.0,460.0,454.6,480.8,462.6,468.0,475.8,456.8,469.0
459.2,460.6,455.4,483.2,463.8,464.0,476.8,456.8,469.0
459.4,459.6,453.6,481.2,466.0,463.4,473.2,455.8,467.286
462.0,462.4,456.8,479.8,464.0,465.0,470.6,455.8,469.857
462.6,461.8,455.6,478.6,464.0,468.4,476.4,457.4,467.857
461.2,459.2,454.6,480.4,464.4,467.0,478.0,455.4,468.0
462.0,460.6,455.4,481.4,461.4,468.0,474.4,456.6,464.857
458.6,462.0,455.2,481.4,464.4,465.0,471.2,458.0,465.857
456.8,461.4,455.4,480.6,463.4,466.0,477.6,456.8,468.571
463.6,461.8,454.6,481.8,463.6,468.8,475.8,457.6,465.286
462.6,461.0,454.6,482.2,465.2,464.6,476.4,455.6,467.0
461.2,459.8,455.0,482.6,462.6,465.8,474.8,455.6,467.571
459.6,460.6,454.0,482.4,466.4,466.4,474.2,455.0,468.0
460.0,462.2,455.6,482.2,464.6,462.4,474.6,456.0,466.286
460.4,460.6,454.6,479.6,465.4,464.6,475.6,456.0,464.857
461.0,459.8,455.4,480.2,466.6,464.0,473.6,456.4,468.714
461.4,459.6,456.2,482.2,468.2,468.0,476.0,454.6,469.429
460.0,461.8,454.2,478.0,461.6,464.8,474.2,455.4,465.429
461.8,462.6,455.2,481.8,463.0,465.0,473.4,454.8,463.429
459.2,460.2,455.2,478.8,466.6,462.6,476.4,455.2,466.429
460.4,459.4,455.2,482.2,465.2,463.6,474.4,457.0,467.571
462.6,459.0,454.0,481.2,463.4,469.0,472.8,457.8,467.0
461.8,461.8,455.0,480.8,461.6,465.2,474.4,456.6,467.571
461.4,459.4,453.8,478.2,465.8,462.0,472.2,456.2,468.857
461.8,457.6,454.6,480.4,464.4,465.8,473.8,455.8,468.286
462.8,461.6,459.2,486.0,463.0,467.4,470.8,457.0,469.714
459.4,461.6,453.0,484.0,464.0,464.4,475.4,456.0,466.714
461.4,464.2,455.0,481.0,464.6,467.0,471.0,458.0,468.571
461.2,462.8,457.2,479.8,466.6,466.8,474.8,455.0,468.429
461.8,461.6,455.2,480.8,460.6,467.6,473.8,457.0,469.286
459.0,461.4,454.8,482.8,466.0,467.6,478.6,457.8,470.571
464.4,460.8,455.8,478.8,467.6,464.2,476.4,454.6,468.286
462.2,461.2,456.4,480.4,465.6,466.0,475.4,456.4,469.714
460.4,457.8,452.8,479.2,463.0,464.8,474.6,455.6,466.429
459.6,459.8,454.0,482.8,464.6,467.4,472.8,453.2,468.0
459.2,462.0,453.4,479.8,463.4,465.4,473.6,454.6,469.571
460.0,462.4,456.0,481.0,463.6,468.2,475.2,456.4,468.571
460.2,458.4,453.4,482.6,464.6,466.2,475.4,455.8,468.714
461.6,460.2,455.6,479.8,461.6,467.0,475.2,457.6,467.0
461.6,462.0,455.4,481.8,464.0,468.2,477.2,456.8,466.857
459.2,459.6,455.2,481.6,464.4,468.4,477.2,454.2,466.714
459.6,460.0,455.4,476.6,465.8,467.2,477.6,455.0,468.143
461.6,461.0,456.2,479.8,466.8,467.6,479.4,457.0,465.571
463.6,459.2,452.8,480.6,460.4,467.0,478.0,456.0,467.714
459.8,464.0,455.2,487.6,466.2,466.4,476.6,454.8,467.714
462.6,462.0,455.0,482.2,465.2,466.8,474.0,455.6,469.857
461.8,457.4,452.8,480.6,464.2,466.0,475.2,457.8,465.714
460.6,464.0,453.8,485.0,463.2,465.0,475.2,452.8,464.857
465.0,464.6,458.4,483.6,472.4,470.0,475.6,457.0,468.429
465.2,460.4,452.4,477.8,465.4,467.6,472.0,458.0,466.286
464.6,461.2,453.6,481.2,465.6,466.4,472.4,455.8,467.714
462.8,459.2,457.2,479.8,468.2,468.8,475.2,457.0,467.143
461.8,461.0,454.8,480.0,463.4,468.8,475.4,457.2,465.857
461.6,461.4,454.4,480.8,462.4,467.0,472.6,455.0,467.714
461.8,459.0,454.8,484.2,465.8,467.0,475.6,455.4,468.429
461.8,460.2,456.4,485.0,464.8,466.2,474.2,455.8,466.857
462.4,461.0,454.4,477.6,464.6,468.4,475.0,455.4,465.714
459.6,461.8,453.8,479.6,465.6,466.4,474.2,455.8,468.286
463.2,460.2,454.4,483.2,466.2,468.4,472.8,457.2,466.429
462.0,462.8,454.6,478.0,464.8,468.0,477.6,456.8,467.714
461.2,464.0,455.0,484.0,462.2,467.8,476.4,455.8,469.0
460.0,458.4,453.4,483.2,463.8,466.8,471.2,457.0,464.857
461.8,461.6,455.0,479.0,462.4,469.2,472.2,458.0,468.143
461.8,461.6,452.6,481.8,463.0,469.2,474.2,457.6,468.429
462.0,459.4,452.2,485.0,463.6,465.8,476.2,456.0,465.857
458.4,461.4,453.8,477.2,464.0,468.2,472.8,457.6,468.714
463.2,462.6,454.0,480.8,464.4,470.2,476.8,456.0,468.429
461.2,462.0,455.8,485.0,465.2,467.8,473.2,458.6,465.571
462.2,462.4,453.0,484.0,465.4,469.0,475.8,453.2,468.0
463.0,462.0,454.2,481.4,465.2,468.8,478.4,455.0,469.429
460.2,456.8,456.0,482.0,461.0,466.8,477.8,458.0,465.571
463.0,459.8,454.4,480.2,463.4,467.4,473.6,456.2,467.429
460.4,460.6,453.6,484.0,466.4,466.4,479.0,457.4,466.429
460.0,461.2,455.8,484.4,465.8,467.8,473.8,456.0,469.0
463.2,460.2,455.6,486.8,464.2,466.6,474.6,457.6,467.571
464.0,458.8,454.0,484.0,465.4,464.6,473.8,458.0,468.286
460.2,461.4,455.2,480.0,466.0,467.6,474.0,457.2,469.429
464.0,462.4,456.6,485.6,468.8,470.6,473.6,456.8,465.571
463.0,462.6,455.2,489.0,467.0,470.8,473.0,457.2,468.571
461.6,460.0,455.6,486.6,462.0,464.0,472.2,456.2,467.571
463.2,461.6,456.2,483.2,467.0,468.0,474.0,455.4,467.714
463.0,463.4,454.0,483.4,463.8,468.0,474.8,457.2,468.714
462.4,464.0,454.0,486.4,466.4,466.0,477.0,457.6,467.571
465.0,460.8,454.6,484.0,467.2,467.2,478.2,457.0,468.429
463.4,460.2,453.6,486.0,464.4,470.8,480.0,458.4,468.286
462.2,461.2,454.4,485.8,466.6,466.0,473.8,456.2,467.0
460.4,460.4,455.8,484.8,466.2,469.0,476.8,457.0,467.286
460.8,463.6,455.8,485.6,464.6,471.6,476.4,454.6,468.857
462.6,461.0,454.8,487.4,462.4,466.4,473.0,454.2,465.857
460.0,461.0,454.8,486.0,462.8,469.2,478.0,458.0,466.714
461.4,462.6,454.4,482.0,464.0,473.0,472.4,455.6,468.857
462.4,463.2,455.0,483.8,464.4,470.0,475.2,456.2,470.143
463.0,464.2,457.8,486.6,462.8,464.8,475.4,455.2,467.286
460.8,462.2,454.8,487.4,466.2,468.4,474.6,458.8,466.714
464.0,461.8,455.4,487.6,464.4,467.4,476.0,459.0,470.429
461.4,459.0,454.0,486.0,465.2,467.6,474.4,455.4,467.429
461.6,460.2,454.8,487.0,467.2,467.4,474.2,455.6,468.857
463.6,461.8,454.6,484.0,463.8,471.0,476.8,455.8,468.857
464.0,462.6,452.8,488.0,465.0,469.0,478.4,456.0,469.143
460.8,460.2,454.2,488.0,463.6,469.6,478.2,454.8,469.143
461.2,465.8,455.8,483.8,466.4,466.2,476.8,455.4,467.143
462.6,461.0,454.4,484.6,466.6,468.6,473.6,456.4,467.286
464.0,462.6,453.6,485.6,465.4,473.8,471.0,456.4,468.0
463.0,461.8,458.0,485.2,466.4,466.8,473.4,457.8,465.0
462.2,463.2,455.8,488.4,465.0,472.2,473.0,458.4,467.0
463.0,462.2,453.8,482.0,464.6,467.4,476.6,456.6,467.857
464.8,462.6,452.4,482.2,464.2,468.6,475.8,455.8,468.286
462.8,462.6,456.2,482.8,466.0,470.0,475.4,455.2,466.571
462.8,463.6,455.2,482.0,466.8,467.6,476.0,455.2,470.429
461.8,464.0,456.8,484.0,465.8,466.8,475.8,455.6,469.286
462.2,466.0,455.8,485.4,465.0,470.8,473.4,453.6,468.429
463.2,462.0,454.4,487.6,467.2,469.2,477.4,454.6,468.857
462.2,463.2,455.6,484.4,468.0,469.2,475.4,458.0,467.286
464.6,463.4,453.4,486.4,464.6,470.2,474.2,456.2,469.286
463.2,462.4,453.6,487.2,466.6,471.6,477.4,456.6,468.857
463.2,460.6,457.4,485.6,463.4,468.8,475.6,459.4,464.429
466.0,462.2,454.0,487.6,464.6,468.2,474.2,457.6,469.286
464.2,459.6,454.4,488.2,467.2,467.0,476.6,454.4,471.143
461.0,461.6,457.4,484.8,464.6,470.4,477.0,454.6,467.857
462.8,464.6,454.8,487.8,466.6,472.6,478.2,455.8,466.857
463.8,460.2,455.6,485.4,464.4,468.2,475.0,456.6,468.429
463.8,462.4,454.4,485.0,466.8,470.6,476.0,454.6,467.0
457.8,464.2,456.2,485.8,466.0,469.4,477.8,455.4,465.714
461.4,458.8,457.6,487.6,463.2,468.6,476.6,455.8,467.0
463.6,461.8,455.2,486.4,465.4,468.0,473.8,456.4,466.857
464.0,460.6,457.4,486.4,464.0,470.4,471.2,453.6,468.857
462.8,462.8,454.2,486.8,467.2,471.0,479.0,455.8,469.286
462.8,463.8,454.4,482.6,464.2,470.0,475.8,454.6,471.571
462.4,464.0,453.2,486.8,461.8,469.8,475.2,458.0,468.429
464.8,462.8,455.6,485.6,466.4,470.2,477.0,456.0,468.286
460.0,461.8,454.6,486.8,465.4,468.8,478.8,456.2,468.571
462.0,460.0,456.0,487.2,463.8,468.2,477.8,457.6,468.143
463.4,460.8,453.4,487.0,465.0,470.4,476.0,457.2,466.857
464.6,461.0,455.6,487.6,467.0,470.8,473.0,456.0,468.143
463.8,460.6,456.0,485.0,465.4,469.6,477.6,456.4,467.143
462.8,463.6,451.8,486.6,465.0,471.8,474.8,457.6,469.286
464.2,463.4,456.0,487.6,465.4,467.4,473.6,459.6,465.714
464.2,464.0,457.8,487.2,463.6,469.2,475.0,455.4,467.571
460.8,462.0,456.0,486.4,465.6,469.0,478.4,457.2,466.857
462.2,464.4,454.0,486.4,467.8,467.4,476.4,458.4,467.143
461.4,463.0,455.4,485.4,467.2,470.0,473.6,453.4,466.429
463.4,462.2,455.2,488.4,464.2,472.2,473.6,457.6,467.857
462.6,462.8,454.0,486.4,461.4,469.0,470.8,459.6,467.143
462.8,461.4,455.6,487.8,465.6,469.4,477.0,455.8,466.286
465.6,461.8,452.6,486.4,466.8,472.0,476.4,456.4,471.143
462.6,462.8,456.2,488.0,465.2,470.8,478.4,451.6,469.571
463.0,460.4,455.0,489.2,468.2,469.4,475.4,458.0,468.286
464.2,464.2,454.6,485.2,464.0,470.4,476.2,457.4,469.857
461.8,465.4,453.8,485.6,466.6,473.0,474.2,454.2,468.429
464.6,462.2,457.4,488.2,467.4,469.8,477.8,459.2,472.0
462.8,461.4,453.8,486.6,464.0,471.8,474.6,453.4,469.143
462.4,459.8,457.6,482.8,465.0,470.8,474.6,457.0,466.714
461.0,465.4,452.6,489.4,465.8,471.4,476.4,455.6,465.429
464.8,464.2,455.4,487.4,466.4,467.6,475.0,457.6,466.714
462.4,462.4,455.2,486.8,464.4,471.4,475.6,455.4,465.429
462.0,460.2,452.8,488.6,464.4,469.8,476.0,455.4,468.714
462.4,462.6,454.6,482.0,464.6,469.0,476.8,458.4,468.429
462.6,462.6,454.4,487.8,464.8,467.2,478.8,457.0,469.143
462.6,463.4,454.8,486.8,464.2,472.8,475.4,455.0,468.0
463.6,460.4,455.0,488.2,464.6,469.0,475.8,456.4,468.143
462.8,463.8,456.6,486.6,466.2,471.0,475.4,457.2,467.857
461.6,462.0,458.4,484.4,465.2,468.6,477.0,457.2,467.429
463.2,462.6,455.2,491.4,465.4,470.4,478.4,455.8,467.286
462.2,464.0,456.0,485.8,465.8,469.4,474.4,453.4,469.286
466.6,460.4,456.2,486.4,465.0,470.0,473.8,455.8,465.571
460.0,461.2,454.2,482.8,464.2,468.0,472.4,456.2,468.714
462.0,461.4,452.2,483.8,464.2,472.6,473.2,454.4,468.286
462.2,459.8,455.2,487.4,466.4,470.8,478.2,457.8,468.571
461.4,462.0,456.6,486.4,463.4,469.4,471.4,455.0,469.714
464.4,461.6,456.4,490.8,465.6,469.0,476.0,457.0,470.143
461.4,466.0,454.6,488.2,468.8,470.0,475.0,454.0,470.286
462.6,459.8,454.4,488.8,464.2,471.6,472.6,451.6,468.571
463.4,462.4,454.6,486.8,467.0,470.4,476.0,454.8,468.571
463.8,460.2,454.6,487.4,464.0,470.2,472.8,455.8,466.714
465.6,460.4,453.6,483.4,465.4,467.0,472.2,454.6,466.714
465.8,462.8,456.8,486.6,466.2,472.2,479.8,453.6,469.143
461.2,461.4,454.4,489.4,462.0,469.4,475.4,457.4,467.857
464.8,461.0,455.4,490.0,462.2,469.0,476.4,455.2,468.0
460.8,459.6,454.8,485.6,464.0,467.2,474.2,455.6,467.0
461.8,460.2,456.2,487.8,464.2,469.6,478.2,454.8,468.857
461.4,463.8,455.2,487.8,461.2,467.8,476.0,456.8,469.286
462.2,463.0,457.6,487.6,467.0,469.8,475.4,456.6,469.143
462.8,463.4,453.8,490.6,463.8,470.6,477.4,453.2,469.857
463.6,462.2,454.4,489.6,464.4,471.4,475.8,456.8,469.429
461.8,459.4,453.6,493.0,462.0,467.4,477.0,452.8,469.286
463.6,463.2,455.4,484.4,466.0,469.6,475.2,457.0,468.429
463.0,461.8,453.8,486.8,467.0,470.4,479.0,455.4,472.143
465.2,460.8,454.8,484.8,464.8,469.4,474.6,454.6,466.286
462.0,460.0,452.6,488.0,466.4,472.6,474.6,455.8,470.0
463.4,462.2,454.6,487.6,463.0,468.6,475.2,456.2,468.571
462.2,460.6,456.0,485.8,464.8,467.8,473.8,454.6,470.0
460.6,459.8,454.6,487.8,466.0,471.0,473.0,456.2,470.0
461.8,467.4,454.0,486.8,465.2,468.2,478.2,456.0,466.286
460.0,462.8,452.8,487.8,463.0,468.4,472.2,457.0,467.857
460.8,465.6,455.8,490.6,467.8,471.6,477.0,459.0,467.429
462.8,460.4,454.4,487.8,467.2,470.0,474.2,458.4,466.429
462.6,460.2,454.6,490.6,464.6,468.4,477.2,452.2,468.571
462.6,463.0,456.0,486.4,466.0,471.6,476.2,455.4,468.571
464.6,463.0,454.0,490.4,464.0,471.0,475.0,455.0,470.714
463.8,462.6,453.8,483.8,465.6,472.4,473.0,454.0,467.429
463.4,461.4,456.6,487.8,466.2,473.0,474.4,456.0,465.571
464.0,463.8,454.6,492.2,466.8,470.6,475.4,455.2,469.714
461.4,461.6,454.2,484.2,464.8,470.8,477.8,454.2,469.286
462.4,461.8,456.0,492.8,467.0,468.8,471.6,455.8,470.286
461.4,461.0,454.0,487.8,463.6,470.8,473.4,455.4,468.0
461.8,462.0,455.0,487.0,463.4,471.2,475.6,455.8,470.0
463.2,464.2,453.8,489.6,469.4,471.6,475.0,455.6,466.143
462.8,462.2,455.2,489.0,464.8,472.0,477.0,457.4,470.286
465.4,463.2,454.6,490.4,460.4,472.0,476.2,456.0,466.714
462.2,462.8,453.8,490.4,465.6,473.2,472.6,455.0,469.286
462.8,465.2,455.2,488.6,467.0,471.8,475.2,455.0,468.857
463.4,461.6,457.0,489.2,466.0,472.8,477.4,453.0,469.429
464.4,461.8,455.6,489.2,465.6,471.4,474.0,456.0,468.714
465.4,457.4,453.6,485.8,463.8,468.4,478.6,453.4,470.429
461.8,462.4,456.4,492.2,461.0,470.2,473.2,456.4,469.0
465.0,462.4,456.6,485.2,464.8,471.2,476.2,454.4,470.714
464.6,463.4,456.4,487.0,462.8,471.8,475.2,454.8,469.714
463.4,460.8,455.2,489.2,464.8,471.4,477.8,455.4,468.714
465.2,461.2,452.6,489.4,465.8,468.4,476.4,456.8,469.0
462.6,464.2,453.6,487.0,464.2,475.4,477.2,455.8,467.857
463.4,461.4,454.2,489.8,462.2,469.4,478.4,457.8,468.0
463.6,464.0,455.2,491.2,465.0,471.0,476.0,455.8,468.571
464.0,461.8,454.4,486.6,464.8,473.6,472.6,458.2,468.429
463.2,462.8,457.8,486.8,463.6,471.2,476.0,453.0,469.857
462.0,462.4,454.8,485.8,464.2,470.8,478.2,456.8,467.714
464.2,463.0,453.6,486.6,467.4,473.0,474.4,455.8,469.429
463.6,465.6,456.6,490.0,465.6,471.0,472.2,456.2,470.571
462.6,461.8,456.6,490.0,462.8,473.0,476.2,453.4,465.857
462.4,463.6,454.4,488.6,465.8,472.6,476.0,456.0,469.857
462.2,462.4,452.6,488.6,464.8,471.4,474.2,458.8,467.0
463.0,463.2,454.4,486.0,466.4,470.8,472.8,456.4,466.714
463.8,460.8,455.8,488.6,464.2,466.0,478.6,456.2,467.714
462.4,462.4,454.6,486.6,467.0,472.0,477.2,455.2,468.429
463.6,464.2,454.0,491.0,464.6,474.0,477.8,456.0,469.714
466.2,464.2,455.6,488.4,463.6,471.4,471.2,456.8,464.714
461.0,465.4,453.8,486.8,465.2,471.6,477.4,457.4,466.286
463.4,464.4,453.6,487.6,465.2,470.6,475.4,454.2,469.429
463.6,464.4,456.2,489.8,466.0,471.4,477.6,456.2,468.429
463.0,461.6,455.2,490.6,463.0,473.8,476.6,457.0,468.571
461.2,464.2,453.6,489.4,463.4,469.4,478.0,453.6,469.429
465.6,462.0,455.2,489.8,465.8,471.4,478.2,455.6,468.714
462.2,462.6,455.0,484.2,462.4,472.2,474.0,454.4,468.714
465.0,464.8,454.6,489.0,465.2,473.2,475.0,456.0,469.857
464.8,465.2,454.2,488.4,464.0,471.2,475.2,455.4,466.571
459.6,462.6,455.6,490.4,464.2,471.6,475.2,457.6,467.714
462.0,461.0,452.8,487.6,465.6,471.8,475.2,454.2,468.286
465.6,464.0,456.0,493.2,462.6,472.4,476.0,456.8,470.429
463.8,465.2,452.0,491.2,468.6,472.4,476.2,456.0,469.0
462.8,466.0,455.8,487.6,466.8,470.0,478.2,455.2,468.857
465.6,459.4,455.2,484.8,464.2,467.8,474.4,458.0,469.0
461.0,462.4,457.4,488.2,465.0,474.6,476.6,457.2,467.429
464.4,463.0,454.4,489.2,465.2,474.0,474.8,456.2,467.857
466.2,462.6,455.8,491.6,465.6,471.8,475.2,457.0,470.429
463.0,462.2,453.2,489.2,466.4,470.4,474.8,456.2,470.0
465.4,463.8,454.8,488.2,464.0,472.8,478.8,456.4,471.429
462.8,464.8,455.8,491.0,466.0,474.2,472.4,453.2,469.0
464.6,461.6,455.0,489.8,465.6,471.4,478.2,455.4,468.286
461.4,463.6,455.0,485.6,467.0,473.6,474.0,453.8,470.429
462.2,464.6,454.4,490.6,465.6,472.0,475.8,454.0,469.429
463.2,463.0,455.0,487.4,463.2,468.4,475.8,455.4,468.714
461.0,462.2,454.4,488.4,467.2,470.8,477.0,455.6,469.571
466.0,462.6,454.8,488.8,464.2,470.4,477.8,455.2,468.714
464.2,464.4,456.8,486.6,463.6,475.4,480.2,457.2,468.429
465.2,465.2,456.2,491.6,462.2,472.2,475.2,454.4,470.143
462.8,463.6,455.4,488.4,466.2,473.0,476.0,453.8,468.0
465.4,465.0,460.2,489.8,463.6,472.4,478.2,456.2,468.714
465.0,464.2,455.2,490.2,464.0,470.4,475.6,455.0,468.0
463.4,462.0,453.6,488.8,464.4,473.4,474.0,457.2,466.571
463.0,463.0,455.8,485.4,467.8,470.6,476.6,455.2,470.286
464.6,463.6,455.6,489.2,466.8,474.4,478.4,456.6,466.571
463.4,464.2,453.6,490.2,463.6,472.0,479.6,455.4,467.714
465.6,462.6,454.4,489.6,465.8,470.4,474.6,455.0,469.143
464.2,465.6,455.8,491.4,467.2,473.8,476.0,455.0,469.571
464.0,465.8,455.2,487.2,467.8,471.2,476.6,454.0,468.286
465.0,462.2,455.2,488.4,468.6,473.2,477.4,453.4,468.429
465.6,465.8,456.4,492.8,462.8,473.4,475.6,457.6,469.714
464.0,466.4,456.4,494.2,464.2,473.8,476.8,457.8,470.0
466.4,462.8,454.0,492.0,465.0,474.2,475.4,455.6,468.571
466.0,463.6,455.2,487.2,465.2,472.4,476.0,457.6,468.143
464.0,464.0,454.8,487.4,467.4,475.2,475.6,455.2,468.857
465.2,464.6,454.8,489.8,464.8,474.0,477.0,456.6,469.571
464.6,466.2,455.0,489.2,466.6,473.0,475.2,456.2,470.286
464.0,461.2,456.6,487.8,465.0,475.0,474.8,458.0,466.571
464.0,462.4,454.0,489.6,467.8,471.6,477.8,455.2,471.286
464.0,469.0,455.4,489.8,468.4,476.2,479.0,454.6,467.0
464.6,462.4,456.0,493.6,466.4,476.2,474.2,457.6,469.0
465.8,466.0,454.4,491.4,465.4,472.0,479.2,456.4,469.714
463.6,463.8,454.0,488.4,467.8,473.0,474.4,454.0,469.286
466.4,465.8,453.8,490.2,463.6,471.4,476.0,456.8,469.857
463.4,466.6,456.6,486.8,467.8,473.4,478.4,454.0,472.143
464.0,468.0,454.4,491.8,467.2,474.6,478.4,455.4,471.429
463.6,462.0,455.6,488.2,464.6,474.4,478.8,454.4,468.714
468.4,464.0,453.6,485.8,464.6,475.2,483.8,457.2,471.143
464.0,468.0,455.4,489.2,464.6,470.2,479.8,457.0,469.143
461.8,460.2,454.6,492.4,463.0,474.0,479.8,457.0,470.0
464.2,464.8,455.8,492.0,466.0,473.6,474.6,457.2,471.714
467.4,466.0,456.6,492.4,471.0,475.4,478.0,455.6,469.286
465.8,464.6,455.6,489.8,465.8,471.2,478.2,458.2,470.857
464.2,466.0,455.6,490.4,466.4,472.4,478.2,455.6,470.0
467.4,464.8,455.0,493.0,468.0,474.6,475.0,455.8,471.286
464.4,463.2,456.0,489.0,466.8,472.2,476.2,456.4,469.429
465.8,465.8,457.6,489.6,467.0,471.0,478.2,456.8,467.0
466.2,461.2,457.4,491.4,465.4,476.2,482.6,454.4,473.571
465.2,467.8,457.4,490.6,468.2,474.6,478.2,456.4,470.571
467.8,466.0,457.2,489.8,469.4,473.8,475.6,458.6,469.429
466.8,463.2,457.2,493.0,466.2,474.2,476.4,454.8,472.143
463.6,463.0,456.2,491.8,466.6,475.6,476.4,456.2,471.429
465.6,467.0,456.8,492.8,465.0,474.4,476.8,456.4,470.286
468.8,462.6,458.0,493.2,466.4,476.4,480.2,457.6,470.143
466.8,465.4,457.0,493.0,465.4,472.4,480.0,458.0,473.143
466.0,466.8,455.0,490.2,468.0,474.2,480.2,456.8,470.571
464.4,466.6,455.0,487.8,468.2,472.8,476.0,455.8,471.857
468.6,465.4,455.2,490.0,471.2,477.6,479.6,456.4,473.0
466.4,465.6,456.2,488.4,467.8,477.2,477.8,457.0,471.143
467.2,465.8,457.4,492.6,465.4,476.2,478.0,458.0,473.143
465.8,468.4,455.2,490.2,468.2,476.6,481.0,457.0,468.714
469.6,463.0,457.4,490.2,469.6,478.2,480.4,456.6,472.429
467.8,466.8,456.4,491.2,467.2,473.8,477.8,459.4,469.143
465.8,466.4,456.6,492.8,468.2,477.0,480.4,455.4,472.714
467.0,465.0,455.0,490.2,469.2,473.2,478.8,459.2,472.286
465.6,466.4,455.6,491.4,467.8,474.6,483.4,458.2,470.0
465.4,468.2,457.8,491.0,466.8,477.0,482.0,455.0,471.857
466.8,467.0,457.4,491.2,466.8,478.4,480.2,457.6,472.714
466.6,469.2,455.8,492.2,464.6,472.4,481.2,457.0,474.143
465.6,466.2,457.6,495.0,469.8,480.8,482.8,457.6,473.429
465.6,470.6,457.8,488.0,473.0,472.8,481.2,456.0,473.286
465.4,467.0,456.0,491.2,467.6,478.8,481.4,458.4,469.286
466.8,467.4,456.2,492.0,469.8,473.8,481.6,459.6,473.714
467.8,470.8,457.2,490.4,469.2,478.6,482.8,457.8,470.714
465.4,469.8,459.6,492.0,469.2,473.0,485.0,457.0,471.857
466.2,467.2,458.0,491.2,470.4,477.2,478.6,456.6,473.286
468.8,467.4,457.8,493.4,470.4,478.4,480.2,458.8,471.857
464.8,467.6,457.0,494.8,468.4,477.0,483.4,459.0,471.857
468.6,469.0,457.6,490.2,468.2,476.6,482.8,456.6,473.286
466.6,466.2,456.6,495.6,468.0,474.8,480.8,459.0,470.0
466.0,471.4,457.6,493.8,470.4,479.8,481.8,457.8,471.857
466.4,468.0,459.0,490.2,469.0,476.2,480.8,460.6,471.143
465.6,469.6,455.8,492.2,470.8,475.6,481.0,456.2,473.143
466.2,468.6,457.6,497.6,471.0,474.6,482.0,458.4,474.571
468.6,475.2,459.0,491.4,468.8,479.4,484.2,458.4,473.714
465.4,467.2,458.8,490.2,470.8,476.4,482.0,460.4,470.286
466.2,469.2,457.2,497.4,467.8,477.2,479.4,457.4,471.571
466.8,468.4,458.2,492.8,467.0,476.8,482.6,458.8,472.714
468.0,470.4,455.2,493.0,472.2,475.6,483.0,458.6,470.714
469.0,470.2,460.4,491.0,469.6,475.6,483.2,457.6,474.0
464.6,466.8,457.8,493.8,469.2,477.4,480.6,460.6,471.857
470.4,467.4,457.2,493.8,468.2,477.8,483.0,455.8,471.571
469.6,470.0,456.8,493.6,467.8,475.0,485.4,461.4,475.571
466.6,470.4,456.8,495.2,470.8,480.0,482.0,460.6,471.0
471.2,469.4,458.6,495.8,469.6,476.8,484.0,460.2,473.857
467.4,470.6,455.8,493.2,470.2,476.0,481.8,459.0,473.429
469.6,471.6,458.0,487.4,473.0,478.6,483.8,459.8,476.0
465.8,471.4,457.6,494.0,470.2,478.8,482.0,456.8,472.143
467.6,472.4,457.4,493.2,468.4,479.8,482.8,458.2,472.0
468.2,469.0,458.6,493.8,469.4,475.0,486.4,459.8,474.0
466.2,468.4,455.6,494.8,468.6,476.2,486.0,460.0,472.571
469.8,470.0,456.4,491.6,472.6,481.8,489.0,459.2,470.143
466.6,470.6,459.6,494.6,471.2,477.8,482.6,457.2,471.286
466.4,468.2,457.6,493.6,469.4,477.4,481.4,456.8,474.571
467.8,470.0,461.0,492.6,470.8,478.2,483.2,458.4,474.571
465.8,470.6,461.4,497.6,468.6,476.8,484.6,459.8,471.429
468.2,471.2,459.8,498.4,470.0,478.6,486.6,457.6,472.143
466.8,467.0,459.0,495.0,471.6,479.8,484.0,461.0,474.857
465.2,473.0,458.4,496.4,466.4,480.6,483.2,457.4,474.429
468.2,466.0,458.2,494.4,470.4,480.2,484.4,457.8,475.857
467.4,468.8,459.4,495.4,468.0,481.6,483.0,459.6,474.429
470.0,472.0,458.2,496.2,471.2,474.6,484.4,458.8,474.0
468.8,470.4,457.6,491.2,470.6,476.6,485.2,456.6,472.143
469.0,470.8,458.6,496.2,468.8,478.2,483.8,462.2,472.0
469.8,471.2,461.0,495.8,473.0,479.2,481.0,460.4,472.0
469.4,471.6,455.8,498.8,471.0,481.0,486.2,457.8,475.0
470.6,471.0,459.8,496.0,471.8,484.0,486.0,460.8,475.286
467.6,473.0,458.4,492.6,472.6,481.4,485.4,461.0,472.857
468.6,474.8,458.6,498.8,472.0,479.0,486.4,459.0,475.857
468.0,470.0,458.4,493.2,474.2,479.4,487.8,459.2,475.286
469.8,472.2,458.8,500.0,472.4,479.4,488.2,460.2,475.571
472.0,471.6,459.6,500.2,472.8,477.8,486.8,460.2,473.571
466.6,474.6,460.4,500.8,470.2,481.8,490.0,461.4,475.429
469.2,472.8,460.2,499.8,474.4,483.2,488.6,462.8,476.571
470.4,475.2,458.0,501.0,475.2,484.2,490.2,460.2,475.714
472.6,472.4,459.0,497.4,476.8,480.8,487.4,462.6,475.0
469.2,475.6,459.8,501.2,478.8,482.4,489.2,461.0,479.143
473.2,476.8,460.4,501.8,475.2,480.8,490.2,462.4,476.429
472.4,477.8,460.4,505.0,476.0,483.8,494.0,463.8,475.571
473.6,480.6,461.2,500.4,477.8,482.6,491.8,466.4,476.286
471.6,473.0,462.0,504.8,478.2,491.6,494.6,464.4,480.714
473.0,472.8,464.2,500.2,479.0,483.6,491.8,462.6,477.857
471.0,478.4,462.2,504.6,476.4,484.4,490.0,462.8,478.714
471.4,474.8,460.0,501.2,477.4,484.0,489.0,464.4,478.429
472.2,478.2,462.4,503.2,477.8,482.6,492.6,463.6,478.429
474.0,475.4,462.4,503.0,476.6,484.6,492.2,465.4,479.286
469.2,480.0,463.2,498.8,477.4,480.8,494.0,462.2,476.714
471.8,477.4,463.8,501.0,478.2,484.8,493.0,463.2,478.857
478.2,477.2,461.6,501.0,477.4,484.4,494.0,465.2,477.429
473.4,478.6,462.0,499.6,475.8,482.2,494.4,462.0,475.429
470.8,475.6,461.4,500.8,479.6,484.4,490.0,460.8,478.143
473.0,477.0,459.0,505.2,480.2,485.6,495.4,463.6,477.0
474.2,478.6,460.6,504.6,479.0,487.0,494.4,462.4,476.571
470.8,476.4,460.4,500.8,476.6,485.2,490.2,461.2,477.571
472.0,475.6,460.8,504.0,481.6,484.2,492.6,463.8,477.286
472.8,474.2,460.0,501.6,475.6,485.6,490.0,458.8,476.571
472.4,476.8,458.8,501.4,476.6,480.6,490.4,464.0,473.857
471.6,477.2,459.6,503.8,475.6,482.4,483.8,461.4,478.571
472.6,478.0,459.6,500.4,476.0,482.0,489.6,461.4,476.429
473.4,475.0,460.6,501.2,479.0,485.2,489.6,464.6,475.857
474.2,476.8,462.2,500.0,478.0,480.6,490.4,461.0,478.0
472.4,474.4,461.6,499.6,476.6,483.2,492.8,462.0,478.286
476.4,475.0,459.8,503.2,473.2,481.8,491.4,464.4,476.143
469.6,479.2,459.8,497.6,476.0,487.2,495.6,463.0,475.714
471.4,477.8,460.2,502.6,477.6,482.2,491.8,461.6,477.0
468.4,475.8,458.8,501.6,477.8,481.8,490.6,462.4,473.286
473.6,474.8,459.4,499.6,476.2,480.8,488.2,462.4,475.714
468.6,472.4,459.8,497.0,472.6,483.6,491.2,462.8,476.0
471.0,478.8,459.8,498.6,474.2,482.6,489.0,461.6,474.286
472.0,479.4,457.0,501.2,474.2,481.6,492.2,460.4,477.571
472.8,474.8,459.4,498.6,474.2,485.6,490.2,459.6,476.143
470.4,474.4,460.4,498.2,474.8,481.2,491.8,463.0,476.571
471.6,476.2,459.0,496.4,475.0,483.6,489.2,461.4,477.429
473.0,479.0,461.4,498.8,477.6,480.8,485.4,461.4,475.143
471.8,476.6,460.2,498.4,475.2,483.4,486.6,460.8,473.286
472.8,473.4,458.6,500.6,478.0,484.4,487.6,462.6,475.143
470.2,479.4,461.0,497.4,472.4,482.4,487.8,461.4,478.857
470.8,475.2,460.4,494.6,477.4,482.8,484.6,459.0,476.571
473.8,476.0,459.0,497.6,476.0,484.8,490.0,462.4,477.0
473.6,478.6,459.0,499.6,476.6,484.4,492.0,460.2,477.143
474.2,474.6,460.2,499.4,475.6,483.8,493.4,460.0,475.286
475.4,478.2,460.8,500.8,477.8,482.2,490.0,464.2,478.0
472.8,476.0,463.2,504.0,477.2,486.8,491.0,462.2,477.143
472.6,480.2,460.0,498.4,479.4,481.2,494.0,461.8,479.286
472.4,477.0,460.2,501.4,479.2,490.0,490.6,464.0,478.857
475.4,480.8,462.6,506.8,481.4,485.8,492.6,466.2,478.571
477.6,479.8,462.8,506.8,481.2,487.8,496.0,463.2,477.429
477.8,481.4,465.2,500.4,481.0,486.8,496.8,465.4,478.0
476.8,478.8,463.2,506.6,480.2,488.8,494.8,463.6,477.571
474.4,484.4,462.8,509.0,484.2,488.6,496.0,465.0,481.429
477.0,486.2,464.6,502.6,480.0,488.8,497.0,468.0,479.857
479.0,483.4,470.6,511.6,485.0,490.0,503.2,470.4,483.571
478.4,485.0,465.4,508.6,484.0,493.6,503.2,467.6,485.286
478.6,487.2,467.6,512.2,486.4,491.6,504.4,468.4,483.857
480.4,486.2,471.8,508.0,487.2,492.6,506.4,469.6,487.571
484.2,488.8,476.6,516.0,498.0,495.2,508.6,473.8,486.429
485.8,494.2,481.6,521.4,496.4,501.4,524.0,481.2,488.857
486.8,496.6,485.2,521.0,503.6,501.2,536.6,484.2,492.571
491.0,500.4,491.2,528.0,512.6,507.0,536.4,485.6,500.0
492.2,504.8,495.6,532.6,514.4,504.8,543.8,491.4,501.429
493.4,515.8,492.8,533.2,520.4,507.4,548.8,493.4,504.286
498.2,513.0,497.2,538.8,516.6,512.0,552.4,494.2,504.0
504.2,517.6,499.2,548.2,522.0,512.4,555.4,496.8,510.429
504.0,517.2,496.2,551.6,519.8,518.0,557.2,501.6,512.0
501.6,527.6,499.6,559.2,529.6,522.6,563.2,505.8,510.143
507.6,532.2,499.8,557.8,530.6,521.2,565.0,503.4,517.286
511.6,533.4,503.0,566.8,536.2,526.0,573.0,512.2,517.429
516.4,538.8,508.0,582.2,548.8,532.2,582.8,518.2,520.286
519.2,547.6,510.2,584.6,543.8,541.2,591.6,517.2,522.857
524.8,552.2,520.6,596.4,554.4,539.0,594.6,532.6,529.286
527.8,558.8,520.6,600.8,555.0,547.0,606.6,531.8,536.429
535.0,562.8,520.2,607.0,560.8,554.2,609.0,533.8,536.429
540.6,566.4,525.6,614.8,564.4,554.8,626.2,539.6,540.0
536.0,569.6,528.6,617.0,567.0,553.2,618.8,542.8,542.0
544.6,568.6,526.0,615.8,568.0,559.4,618.2,540.2,549.143
540.0,576.6,530.8,619.6,571.6,554.8,625.4,543.2,547.857
544.6,582.4,528.4,615.4,579.6,566.4,622.4,540.4,549.714
536.0,579.8,528.0,623.0,579.0,561.2,630.8,543.0,550.429
540.8,587.8,528.8,621.6,581.0,557.4,631.0,540.4,544.857
542.0,579.4,529.0,618.0,579.8,563.6,628.6,544.2,550.143
546.6,588.0,530.6,622.2,584.4,567.0,632.4,542.8,547.714
552.8,583.8,530.2,628.4,583.0,565.8,623.6,550.4,552.143
548.2,592.2,531.2,631.0,589.6,569.6,631.6,553.6,555.857
547.8,596.4,535.6,627.2,589.8,574.6,643.8,550.4,554.143
556.4,598.8,537.6,642.8,595.2,571.0,643.2,551.2,555.286
552.2,603.0,536.0,639.6,597.6,575.4,642.6,555.8,558.857
561.2,606.0,544.0,642.8,599.8,585.8,644.0,557.8,557.429
560.8,610.6,536.0,649.0,599.8,581.4,652.0,561.4,556.714
564.4,613.8,538.4,654.2,612.0,588.4,659.8,566.0,563.857
572.0,624.6,553.6,667.0,613.0,590.8,669.6,575.2,567.429
576.0,626.4,552.8,664.0,620.8,583.8,671.4,573.2,567.571
582.0,626.8,559.2,678.6,627.2,602.0,690.8,587.0,568.0
588.0,636.8,558.8,683.4,626.2,604.6,688.0,583.0,581.286
592.6,651.4,563.6,695.2,637.0,611.0,702.2,589.6,583.857
591.0,653.0,570.6,704.8,644.4,613.6,715.0,603.0,589.143
593.4,654.2,570.4,716.0,649.0,618.0,710.0,596.2,596.286
603.6,666.6,574.0,723.6,659.2,621.2,720.8,611.0,589.571
604.0,676.4,574.2,744.8,666.8,629.2,725.0,605.4,601.143
613.2,678.8,577.2,746.0,664.8,635.8,729.4,611.0,602.143
616.4,692.2,580.2,742.2,670.2,632.2,747.4,614.0,604.714
624.2,698.0,579.0,744.2,679.8,633.8,749.4,615.4,609.286
619.6,703.0,589.0,745.6,675.6,647.0,746.6,616.4,611.714
620.0,699.0,583.6,751.4,676.8,638.6,744.8,621.6,617.143
617.0,705.0,575.0,746.4,677.4,641.0,745.0,620.0,615.714
612.6,702.4,575.0,744.4,678.0,636.0,739.0,615.6,618.0
615.2,698.0,571.2,735.0,667.4,642.8,731.2,620.6,607.857
610.0,682.0,563.0,724.0,662.4,628.4,719.0,603.6,606.571
605.6,674.8,558.6,718.8,648.8,624.0,705.8,590.0,595.286
590.0,662.0,557.8,704.0,649.6,612.2,685.6,586.6,593.857
585.0,663.4,547.4,694.4,640.0,604.8,685.6,579.4,587.714
584.4,658.0,548.6,693.6,636.6,602.0,672.4,575.8,581.571
577.4,646.8,542.6,677.4,620.8,595.4,672.0,575.6,572.429
573.4,633.4,544.2,674.4,625.4,599.0,668.8,568.2,575.571
574.8,641.2,533.8,669.0,616.4,592.6,662.6,565.0,568.571
573.2,626.0,538.2,666.6,615.0,585.6,666.0,560.2,568.714
579.8,626.2,536.8,667.4,613.8,591.8,667.4,566.0,568.857
573.2,616.0,533.8,668.2,615.0,586.2,655.8,561.8,566.571
568.8,620.8,534.4,659.8,612.8,578.8,659.0,558.8,571.857
565.6,618.0,538.6,657.4,607.0,583.8,652.2,558.8,559.857
565.6,600.2,527.2,662.8,596.2,576.0,650.0,555.0,563.143
558.6,602.4,527.0,636.4,595.4,576.6,644.6,547.4,561.0
561.2,606.2,523.0,636.6,590.8,570.6,630.2,548.6,559.429
559.8,595.8,524.8,633.2,592.2,569.8,638.4,544.2,558.571
560.4,590.4,519.0,626.2,587.2,568.0,633.0,542.2,555.143
556.8,592.4,523.6,622.8,586.4,567.6,617.4,541.4,553.0
553.0,590.0,518.2,616.4,573.6,565.6,614.4,536.6,550.143
544.8,580.2,514.2,612.2,582.8,554.2,608.2,532.6,547.0
543.0,577.6,516.2,612.6,561.0,556.8,605.0,530.4,542.429
533.8,567.4,510.4,595.2,558.8,551.8,595.0,531.0,536.286
530.2,562.4,503.4,590.6,557.4,545.2,593.8,522.6,537.143
529.6,557.8,500.6,583.0,550.4,547.0,582.8,519.6,534.0
528.2,550.8,497.6,580.6,544.6,537.6,573.6,515.8,528.571
519.0,551.8,493.8,578.0,538.6,535.2,568.2,503.4,524.0
515.2,541.2,490.6,565.6,533.2,532.6,564.2,504.4,522.0
512.6,542.0,488.8,560.6,528.8,530.4,563.6,499.0,524.429
504.6,535.2,488.4,557.4,527.2,518.8,552.2,498.6,518.857
507.2,531.6,485.2,548.8,522.0,523.4,547.0,497.0,511.0
498.8,529.4,480.8,548.0,513.0,519.0,544.2,493.2,509.714
506.6,521.6,480.0,540.0,515.6,515.0,533.8,493.0,508.143
498.0,517.8,477.0,535.0,513.2,516.4,537.8,489.6,503.429
501.0,520.2,478.0,538.8,515.0,510.2,532.0,486.2,500.286
500.4,513.4,476.0,532.8,509.6,514.6,531.6,485.2,503.857
498.2,511.0,472.2,527.6,505.0,510.4,531.0,480.6,500.714
492.6,509.8,473.2,530.6,506.2,509.2,526.2,480.4,497.857
495.0,506.6,471.0,529.8,506.8,505.6,528.4,478.8,495.857
494.6,504.0,472.6,524.4,502.2,506.0,521.6,478.8,492.571
494.0,507.6,469.4,521.2,499.4,501.2,521.0,476.4,497.143
487.8,500.8,472.0,522.4,501.6,501.0,515.4,478.2,493.286
489.2,501.6,468.4,518.4,503.6,500.0,520.0,477.6,493.0
488.6,499.0,470.4,520.8,498.4,502.4,517.6,476.6,495.0
492.8,503.4,471.2,519.4,497.8,498.6,520.6,478.4,492.429
490.2,502.0,472.0,517.4,502.4,502.6,520.0,474.8,492.571
490.0,496.8,469.8,521.4,495.2,496.6,517.0,480.0,494.429
494.4,498.6,470.6,521.4,498.8,498.4,516.6,476.8,495.571
492.2,498.8,469.6,519.4,500.4,505.6,526.0,476.2,493.286
486.2,501.0,470.6,523.0,499.0,501.0,518.2,476.6,496.429
491.4,502.6,472.6,523.8,498.8,505.4,519.4,478.4,497.143
491.2,499.8,471.8,527.4,495.4,500.6,517.8,478.2,496.714
489.6,503.4,471.4,528.0,498.6,498.0,515.2,475.0,498.286
490.4,501.0,471.6,523.8,498.4,501.6,517.8,477.4,500.714
492.0,501.6,472.0,521.6,502.2,502.0,524.8,480.0,500.571
491.2,499.0,475.2,524.4,500.2,505.0,529.0,479.2,499.143
490.0,505.2,474.0,531.6,507.2,502.0,526.2,482.2,502.714
493.0,503.8,478.2,530.2,501.4,503.4,533.4,479.0,501.143
494.2,509.0,473.0,528.8,500.6,503.4,531.6,485.0,504.571
492.6,509.4,475.4,532.8,503.4,500.4,522.8,483.0,503.143
489.0,507.0,472.4,529.0,496.0,504.0,526.6,482.0,503.571
490.6,509.0,472.2,529.8,501.2,499.2,523.2,482.6,501.429
488.6,504.4,473.2,524.8,497.2,500.6,526.0,477.0,501.571
486.8,497.2,472.2,528.4,493.6,500.4,525.2,478.4,501.857
489.6,501.6,473.6,527.2,496.0,498.2,521.2,476.2,498.429
488.8,497.8,466.2,517.8,496.8,501.0,520.8,474.6,500.857
491.0,501.8,468.6,517.8,491.0,502.0,516.4,473.2,498.0
487.8,495.6,470.2,519.4,493.4,500.4,515.0,472.0,496.429
487.8,499.0,467.8,519.2,492.2,500.4,511.6,474.0,495.571
483.6,498.0,467.6,515.2,490.8,500.4,519.0,474.4,496.857
485.8,498.0,466.8,512.2,490.8,496.6,515.2,469.4,497.571
486.6,495.6,466.4,513.8,489.6,494.0,512.0,472.0,494.857
485.2,497.8,465.6,515.0,490.8,501.4,513.4,468.8,494.143
485.6,501.2,464.2,512.0,489.8,497.2,511.6,469.2,495.0
485.0,498.0,469.2,513.6,495.4,494.6,516.8,470.4,493.571
484.2,496.2,464.4,511.8,490.6,497.6,513.0,473.0,494.714
484.8,496.8,465.8,513.6,489.0,496.2,507.8,472.4,492.286
483.8,495.4,465.4,517.2,490.4,495.2,514.8,467.6,491.714
485.4,493.8,466.4,516.6,488.6,496.6,510.4,474.8,492.429
484.2,491.8,465.4,510.8,490.6,498.8,510.4,469.0,496.143
485.8,496.8,465.2,512.4,491.6,496.4,510.6,471.8,494.143
486.0,499.6,466.0,509.2,490.6,498.6,513.4,469.4,492.0
484.4,495.6,466.8,514.4,487.8,495.8,512.2,470.0,492.714
486.0,495.2,463.8,511.6,488.0,496.0,513.0,471.8,497.714
485.2,496.2,465.4,510.4,494.6,500.4,514.2,469.4,494.857
481.4,500.0,465.8,518.0,489.6,498.6,511.6,470.6,495.143
485.6,497.2,466.8,511.2,489.6,499.6,514.0,469.6,494.429
485.4,498.0,464.4,514.6,489.2,500.0,512.4,471.8,493.143
485.8,502.0,466.6,511.4,489.2,498.0,515.6,470.2,495.286
488.2,500.6,466.8,516.4,490.6,499.6,515.0,470.2,494.0
487.8,499.4,465.6,516.4,491.0,499.4,513.0,471.4,494.0
484.6,499.2,464.8,513.6,491.2,497.6,512.6,469.2,495.714
483.4,501.6,466.0,515.2,484.4,500.8,510.0,471.8,495.143
487.8,494.6,466.2,511.0,489.0,496.2,516.2,468.6,495.857
484.8,496.4,465.4,508.0,489.6,501.4,517.6,470.8,497.571
492.2,499.8,465.2,515.2,491.8,497.4,512.6,469.6,497.286
486.4,498.8,465.4,513.6,490.4,499.0,515.0,469.8,496.143
484.0,494.6,467.2,510.0,490.6,498.4,517.8,468.2,497.714
482.4,496.4,464.4,519.0,491.8,498.0,517.2,470.6,498.429
487.2,495.6,467.8,513.6,494.4,499.4,512.6,469.6,497.571
486.4,494.4,466.0,510.4,493.2,497.6,512.2,469.0,495.429
487.8,499.4,466.2,510.4,489.6,497.2,516.0,468.6,497.286
483.8,496.8,466.4,513.8,493.6,495.8,510.8,470.8,494.714
484.2,500.0,462.8,512.2,490.0,497.0,511.0,470.6,499.571
485.6,497.2,465.6,510.6,488.4,496.4,514.8,470.2,498.143
485.4,496.8,468.4,515.2,490.8,497.8,514.4,469.2,499.143
484.4,502.2,467.8,514.6,493.0,497.4,516.6,468.6,499.286
484.8,501.0,466.4,512.6,490.4,496.8,517.0,471.2,500.714
485.2,502.6,463.6,510.4,493.2,499.2,521.0,468.4,501.429
485.8,499.6,465.6,515.6,489.6,498.6,518.0,468.8,500.286
487.0,499.8,461.8,514.2,488.4,499.8,514.4,472.2,500.0
485.6,501.6,465.6,511.4,490.2,499.8,518.4,470.6,500.857
487.6,501.6,465.6,508.8,492.8,504.0,519.6,472.6,503.429
484.8,499.0,469.2,512.2,493.2,497.6,517.6,469.0,499.0
483.8,502.2,467.2,510.0,494.2,496.8,520.0,474.0,501.0
487.0,500.4,467.8,512.8,497.0,501.0,522.0,473.8,500.286
483.8,500.8,465.6,516.2,493.4,498.0,522.0,470.4,500.0
484.0,504.2,467.2,512.6,492.8,503.0,517.4,472.6,503.429
489.2,505.2,466.0,516.0,497.6,500.6,518.0,470.8,503.857
488.2,503.0,467.6,513.2,498.0,499.4,516.8,472.8,504.143
483.4,504.4,467.0,513.2,495.8,498.4,515.8,472.2,503.857
489.6,502.6,467.2,511.0,498.2,502.0,513.0,470.4,503.0
486.6,505.2,465.2,515.8,498.6,498.0,520.8,471.2,504.0
486.8,506.8,467.0,514.8,495.2,503.2,515.8,471.6,502.571
490.0,505.2,468.2,517.0,494.6,503.6,517.8,470.6,503.429
486.4,508.2,464.8,516.8,500.2,503.4,518.2,471.6,505.0
489.8,504.2,466.6,518.6,494.6,500.6,523.4,470.6,503.714
490.0,506.8,467.0,512.0,498.6,502.8,520.0,475.4,508.714
487.2,508.8,468.6,512.0,499.4,502.2,525.8,475.0,508.143
489.0,509.2,468.2,517.2,498.4,503.4,527.0,473.8,505.857
484.6,509.2,470.0,518.0,500.4,502.8,520.2,473.0,504.0
490.0,509.0,467.4,512.2,501.0,503.6,525.2,472.6,504.571
492.6,510.4,467.8,519.6,495.4,501.8,520.8,475.6,506.429
489.4,506.8,467.2,517.4,502.2,504.4,520.2,474.8,506.714
487.8,514.6,467.2,513.6,496.6,505.8,521.2,473.0,504.0
489.0,510.8,471.6,513.8,499.8,504.8,526.4,474.6,509.714
482.0,511.8,468.0,517.4,499.8,501.2,527.0,473.8,508.0
487.6,511.0,467.8,517.8,498.4,502.2,523.4,476.4,509.0
489.8,508.4,469.2,510.6,502.2,501.2,524.4,473.2,507.571
490.2,511.2,468.2,515.6,502.4,503.2,526.0,473.4,507.429
494.0,507.6,469.6,516.2,501.0,506.0,522.4,474.2,511.143
491.4,511.8,468.0,514.2,500.8,501.2,522.8,472.4,507.0
492.0,507.4,468.0,516.8,496.6,505.8,524.2,477.8,511.571
489.2,509.0,468.0,515.2,504.0,504.8,523.4,474.8,510.857
488.4,510.6,468.2,517.8,501.2,504.2,521.0,472.8,508.286
493.6,510.4,469.4,516.8,498.8,502.2,523.6,475.2,509.429
488.2,515.4,466.2,515.2,497.8,500.2,525.0,473.0,511.714
490.8,518.0,472.6,513.4,500.4,506.6,529.2,471.6,507.857
494.4,514.0,468.4,516.6,501.8,503.2,522.0,476.6,511.571
490.8,514.2,470.0,517.8,502.2,503.8,528.0,479.2,510.714
490.4,516.8,468.0,517.2,501.0,506.8,528.0,474.8,512.857
493.2,515.2,468.8,514.4,501.8,505.8,529.0,474.4,512.571
490.8,518.0,466.4,519.0,499.0,503.4,527.0,474.4,512.286
494.6,517.2,469.0,519.4,499.8,508.8,524.2,478.4,517.429
493.2,518.0,466.4,519.2,506.2,501.6,527.6,473.6,512.286
495.2,515.2,470.8,516.8,504.2,505.6,535.4,476.0,515.0
492.8,518.4,470.0,517.2,503.2,504.4,532.6,478.4,514.571
492.8,519.8,470.0,520.4,503.8,508.2,529.0,477.8,514.286
492.0,514.8,470.4,519.8,503.4,500.8,531.6,477.0,517.429
490.2,519.6,470.4,517.4,505.2,505.0,531.8,480.8,514.286
494.0,517.2,471.6,520.8,501.4,508.2,532.0,478.6,513.714
495.2,524.0,471.2,524.0,506.8,508.0,529.8,482.6,518.429
491.2,518.2,473.4,521.6,499.8,509.4,528.8,477.4,514.714
491.0,519.4,470.4,519.4,503.8,505.2,532.6,479.6,518.0
489.2,514.6,472.4,519.0,507.0,506.4,530.6,477.6,518.714
497.0,516.0,473.6,525.2,506.6,509.6,530.6,479.6,519.286
497.2,518.0,471.2,525.0,506.6,510.0,534.6,477.6,519.143
493.4,517.2,473.2,523.2,507.2,511.8,533.0,476.8,519.143
496.6,520.6,471.8,519.6,506.6,506.2,534.4,479.8,522.0
495.8,523.0,467.0,520.6,506.4,503.8,537.4,478.0,518.571
491.2,520.8,470.0,520.6,506.6,508.8,538.2,478.6,518.286
494.0,521.6,471.0,524.0,504.2,505.6,534.0,483.6,520.429
495.2,520.6,472.0,520.2,504.4,505.8,538.8,480.8,522.0
493.4,524.0,472.4,520.2,504.2,507.2,532.6,481.0,516.143
494.6,517.6,474.6,519.6,505.4,512.0,532.2,480.4,522.0
492.8,519.0,470.4,520.2,507.0,512.2,536.6,485.2,521.286
495.8,515.4,474.8,524.0,507.0,508.2,540.8,487.0,519.429
495.0,523.0,469.8,520.6,510.4,507.2,537.6,477.6,519.714
496.6,519.6,472.4,520.2,503.4,508.4,532.0,476.4,522.714
495.4,521.8,471.6,521.4,506.6,511.2,538.2,478.0,517.143
492.0,522.4,474.6,520.8,501.4,505.8,535.4,485.0,520.286
496.2,521.2,470.4,522.4,507.8,509.2,531.2,478.6,521.714
492.4,516.6,471.6,523.6,507.6,504.8,539.4,479.2,523.571
492.8,520.2,470.6,520.6,505.2,507.0,536.0,478.4,517.143
494.6,517.0,474.4,520.2,503.4,509.6,538.8,478.2,526.714
491.8,522.8,474.2,520.2,506.0,506.4,537.2,478.0,527.714
493.2,518.2,472.2,518.0,506.0,507.6,533.4,480.6,522.143
493.8,523.2,472.0,522.8,502.6,505.6,526.2,481.2,521.286
493.4,521.2,470.0,517.6,504.8,507.8,532.6,478.4,519.714
497.8,519.4,470.2,519.2,507.4,502.6,528.2,478.8,525.0
490.6,517.4,471.8,517.0,505.0,507.2,529.0,481.0,521.714
493.0,515.0,471.2,520.6,500.4,504.6,535.0,478.0,524.714
490.4,519.2,469.8,516.0,501.8,501.4,532.4,478.6,520.286
490.6,518.8,471.6,512.4,504.2,504.8,531.0,478.0,520.429
493.4,519.8,469.8,520.0,503.6,505.8,531.8,479.8,522.714
493.4,518.0,471.2,514.4,503.2,507.0,533.6,478.8,521.429
493.8,516.2,466.4,514.4,502.2,504.4,532.0,477.6,523.571
492.6,520.8,468.0,514.6,502.4,505.2,535.2,476.6,522.143
491.4,516.4,471.0,519.8,503.6,509.0,531.4,476.4,526.286
491.8,516.2,468.0,517.6,503.2,505.8,528.6,476.2,523.143
492.8,516.0,470.6,514.6,503.4,502.4,531.4,472.8,523.714
488.4,520.2,469.4,515.4,503.6,505.6,529.0,478.2,519.571
489.4,519.6,467.0,516.2,503.4,507.0,529.8,477.6,522.857
489.2,519.2,469.2,515.8,501.8,501.2,536.4,476.0,522.286
493.2,518.4,469.4,518.0,504.8,507.4,526.8,475.8,522.429
494.6,518.4,472.4,515.6,503.2,505.0,532.0,476.0,525.429
491.8,519.8,466.0,514.6,501.0,502.2,531.6,476.2,523.857
492.6,515.2,469.0,514.2,504.4,502.6,529.8,479.6,523.0
488.0,518.2,469.0,511.6,503.8,502.0,527.4,480.4,522.286
489.2,521.8,467.4,515.8,503.6,505.8,530.8,478.4,524.429
492.2,520.6,468.4,515.2,505.0,506.6,530.8,474.4,523.571
490.4,521.0,469.0,512.4,499.4,499.4,524.8,474.8,526.143
489.2,524.2,470.2,512.0,503.6,503.6,525.2,474.8,521.857
490.0,518.8,471.4,512.0,502.4,499.8,525.2,479.2,521.857
487.6,517.6,466.6,516.8,498.2,508.0,530.0,474.2,524.571
489.0,515.4,467.0,511.6,499.0,505.6,526.4,476.2,522.0
492.8,524.8,466.6,511.2,499.4,505.4,533.8,476.2,527.571
486.2,515.4,468.8,512.2,497.4,498.6,526.2,475.8,526.0
489.4,519.4,469.0,507.8,503.0,506.2,534.4,475.2,523.571
486.2,518.0,464.8,511.4,503.4,501.6,531.8,474.2,525.714
492.2,524.2,467.6,512.6,501.6,505.2,530.2,473.8,528.429
492.4,521.8,468.6,514.4,504.2,503.2,529.8,475.6,525.857
490.2,520.0,467.6,506.4,503.8,503.6,531.2,475.4,527.143
489.6,521.4,466.4,510.0,499.4,505.0,525.0,474.4,526.714
487.0,521.2,469.8,509.6,504.0,502.8,529.8,475.2,523.0
491.6,516.2,467.2,510.4,501.8,505.2,528.6,473.4,525.857
489.4,519.8,468.2,512.4,499.4,498.4,527.0,474.0,522.429
487.2,520.6,467.2,504.6,501.4,503.2,528.2,473.6,527.143
484.6,518.2,468.6,511.2,501.0,503.4,527.2,476.6,525.0
486.0,520.6,467.2,508.2,497.2,505.0,520.8,476.4,526.571
491.4,523.6,469.2,514.0,500.0,506.0,525.4,471.2,524.714
490.0,518.8,466.8,505.8,500.6,504.6,527.6,473.4,525.429
486.4,517.2,469.4,508.6,506.6,508.0,524.4,473.4,529.143
487.6,518.8,465.2,510.4,504.6,502.0,529.4,473.4,523.857
484.6,519.8,465.8,510.2,501.2,500.0,518.4,472.4,524.571
487.6,517.0,464.4,510.0,500.0,502.2,525.0,475.8,525.714
489.8,518.6,467.0,511.8,499.6,502.0,528.0,471.4,528.857
488.0,522.0,467.2,509.8,499.6,498.8,528.2,473.8,526.571
487.6,516.2,465.4,504.0,499.4,502.0,526.2,470.2,529.0
486.8,515.8,464.8,507.4,493.4,500.8,520.6,475.0,528.857
488.2,518.2,462.8,505.0,499.0,498.0,521.4,470.4,522.429
487.6,519.2,468.2,505.8,501.4,497.4,525.6,473.0,527.143
484.0,519.4,466.8,507.6,500.8,503.2,524.4,471.2,527.429
488.0,519.2,466.4,506.2,495.6,503.8,520.8,471.4,528.714
486.0,516.2,465.0,507.0,503.6,503.4,522.8,469.6,528.0
484.2,519.0,467.0,506.8,500.0,502.8,524.6,470.4,522.714
487.6,515.4,465.4,507.6,501.4,505.8,522.4,474.0,533.429
488.0,514.6,466.2,508.2,497.6,501.8,525.8,470.2,527.0
483.0,514.8,465.6,506.4,495.6,501.2,526.0,471.4,521.286
485.6,515.6,466.2,506.6,500.8,503.0,522.4,467.4,527.286
485.2,521.6,465.0,510.0,492.6,499.6,518.4,471.0,527.143
484.4,517.4,462.6,501.4,495.6,498.2,522.2,471.6,523.571
490.4,514.8,463.6,506.0,494.4,497.6,522.4,467.8,530.714
487.0,514.6,467.6,508.8,491.4,501.6,517.6,467.6,527.286
484.8,508.8,465.4,502.8,492.6,502.0,514.8,470.6,528.0
485.2,518.0,465.4,500.6,495.2,498.0,521.6,465.4,525.714
484.2,513.8,465.2,502.8,496.0,496.6,516.0,467.4,524.286
483.2,512.0,462.4,505.2,490.2,498.4,518.6,470.8,522.571
486.0,513.6,464.4,503.6,495.0,495.0,517.2,470.6,525.571
482.8,511.0,462.8,503.2,493.8,493.0,517.6,469.6,526.714
483.0,510.2,467.0,502.2,497.8,499.8,519.2,468.4,528.857
480.4,511.6,462.4,501.0,493.4,497.4,515.4,471.4,526.429
485.4,511.6,463.6,503.4,487.8,495.2,517.0,469.2,525.571
484.2,512.0,462.8,499.6,495.6,495.6,514.4,465.0,523.857
483.0,514.2,463.6,501.0,491.6,495.4,516.0,469.4,526.286
480.4,506.2,463.0,498.0,492.0,495.6,515.2,470.6,524.429
480.4,512.4,463.0,496.8,490.8,498.8,513.2,464.0,526.571
483.2,511.2,463.4,497.0,486.8,495.2,516.4,467.2,521.714
485.4,506.6,462.4,498.0,488.6,496.8,512.0,464.6,523.143
480.0,506.2,461.0,498.6,486.4,494.2,513.6,466.6,521.571
479.2,508.6,461.4,497.4,487.2,492.4,512.6,465.6,517.571
482.0,502.4,461.0,496.0,488.4,495.0,510.4,464.8,516.571
481.4,505.8,460.0,493.8,493.8,495.8,508.4,465.4,520.571
479.8,504.4,461.0,495.2,483.6,493.4,506.8,464.6,518.571
479.4,503.8,462.2,496.4,484.6,492.2,505.4,466.0,519.429
480.2,507.8,459.4,495.6,484.2,495.0,510.0,466.0,517.0
475.6,503.4,460.6,496.8,485.8,493.4,512.0,463.4,515.714
479.0,501.6,462.6,494.2,485.8,493.4,509.4,463.8,516.429
479.0,502.0,460.8,492.4,486.4,492.0,505.8,461.6,517.143
480.0,500.4,462.2,490.2,482.8,495.0,509.4,466.2,514.429
476.4,501.2,458.8,492.8,488.2,490.2,507.8,463.0,513.429
479.2,500.4,457.0,493.0,484.6,491.0,509.2,462.0,514.286
478.8,502.8,459.8,493.8,485.4,491.6,505.8,461.2,512.714
482.0,500.0,459.8,495.6,485.2,488.6,503.6,466.2,513.286
476.2,497.6,460.6,490.6,484.4,490.8,500.8,461.4,513.0
479.8,495.4,459.8,493.4,485.0,490.4,506.2,462.6,511.0
477.0,500.8,458.8,491.0,483.8,489.6,505.0,462.2,510.857
474.4,492.8,459.2,491.4,482.6,491.2,502.6,462.0,509.714
474.6,493.2,460.2,491.0,485.6,490.2,503.4,461.4,506.571
477.2,492.2,460.0,496.0,479.8,487.4,502.8,459.4,508.286
475.4,496.2,459.8,487.6,484.8,491.0,500.6,462.6,506.429
474.8,490.0,457.6,491.6,478.6,487.6,502.4,462.4,506.857
474.0,492.0,456.8,492.8,484.0,488.4,500.2,463.2,508.571
474.8,495.2,460.8,488.0,480.6,485.2,497.8,461.8,506.143
475.0,493.0,458.4,487.6,477.2,486.4,503.8,461.0,506.0
471.8,488.8,459.0,492.0,478.6,489.0,500.0,462.0,505.571
475.8,488.8,457.8,489.4,477.2,483.8,500.8,461.4,503.857
473.2,491.2,457.6,486.0,480.6,486.4,499.4,460.6,503.714
474.4,490.0,459.4,486.8,476.2,486.2,498.8,460.2,502.714
475.0,491.2,457.6,486.6,477.6,482.6,497.0,460.0,502.143
472.4,487.4,458.2,486.6,477.0,487.4,497.4,461.6,504.143
474.2,489.2,460.8,486.0,477.0,485.8,496.4,459.0,500.286
472.8,487.8,459.4,485.8,473.4,485.6,494.4,460.4,504.714
473.0,489.6,457.6,484.4,474.8,483.0,493.2,459.8,501.714
472.0,487.8,457.2,488.4,474.0,485.4,495.0,459.0,499.857
472.4,486.6,459.0,486.2,479.0,484.0,492.2,458.4,498.429
474.6,487.8,458.6,484.8,476.4,486.2,493.2,458.2,498.286
471.6,486.0,457.2,486.6,473.8,481.2,493.0,458.6,499.571
473.2,483.0,456.0,484.4,473.4,482.4,488.2,454.4,498.857
474.6,486.8,458.6,490.4,477.4,486.0,495.8,461.2,504.0
471.8,481.8,454.8,488.6,473.4,482.2,492.4,460.2,500.0
471.4,484.4,458.0,482.8,474.8,482.6,494.2,460.0,499.143
469.2,485.4,457.0,488.4,470.6,483.4,490.8,459.8,495.286
474.2,482.8,456.2,482.2,474.4,484.8,491.6,457.8,496.714
472.0,483.0,456.4,484.0,473.8,483.4,488.0,459.0,495.143
470.4,485.8,457.2,484.2,473.2,482.0,489.2,458.8,494.429
470.8,480.8,455.6,481.2,475.2,482.8,484.4,458.4,495.429
473.4,482.0,454.2,482.0,473.0,483.0,487.0,457.8,494.143
468.8,478.6,455.4,482.4,472.8,482.4,483.8,456.8,493.0
471.6,476.8,456.8,481.8,469.0,482.0,489.4,456.2,491.429
470.6,479.2,457.8,484.4,470.0,481.4,485.4,457.2,489.714
469.6,476.0,454.8,483.0,473.4,482.6,487.0,455.6,494.143
468.8,477.4,456.4,478.8,470.8,479.6,486.8,458.0,490.0
469.0,477.8,452.8,480.0,468.6,480.8,486.8,455.8,491.857
470.2,477.0,452.8,482.6,471.2,486.8,488.2,455.8,490.571
466.6,477.6,453.6,482.4,474.0,480.6,487.2,457.2,489.286
469.6,476.4,453.6,481.2,471.2,475.4,486.0,453.6,491.714
469.6,475.8,455.8,480.4,465.8,482.4,482.2,458.2,484.857
470.6,475.6,457.0,481.2,465.2,479.8,486.4,456.6,483.286
466.8,476.8,453.4,478.4,466.8,478.6,486.2,454.2,488.571
470.4,475.2,452.0,483.6,472.2,479.8,480.4,455.0,486.0
469.4,471.2,455.4,482.0,469.0,477.4,482.6,455.0,483.714
467.8,475.4,454.0,475.8,468.0,479.6,485.8,456.8,485.714
468.6,473.4,455.0,482.0,466.0,477.6,484.4,453.2,482.714
466.0,474.4,454.4,476.4,466.4,475.0,483.8,457.8,488.0
468.2,472.2,454.6,479.4,467.8,480.2,484.2,453.4,482.857
467.6,472.4,452.6,477.2,465.2,478.6,480.8,454.6,486.0
466.2,475.6,453.0,478.4,465.4,476.6,481.2,454.4,488.143
468.2,471.6,452.8,478.0,467.6,478.6,482.0,456.4,485.429
467.8,475.8,453.0,477.4,466.2,478.8,480.8,457.4,483.857
467.8,474.4,454.0,477.2,465.8,476.2,479.8,453.2,484.571
469.2,471.2,451.0,478.2,464.2,481.6,480.4,455.2,481.857
466.4,473.0,451.2,479.2,466.2,478.0,483.6,452.8,483.0
467.0,468.0,454.8,478.6,469.4,477.2,479.2,454.6,482.429
468.2,471.4,451.2,476.8,465.6,476.0,476.6,453.4,480.857
468.8,467.8,452.2,475.0,462.4,475.8,480.6,454.4,480.714
467.8,470.2,452.8,477.2,464.8,473.2,479.6,452.0,483.143
465.0,467.6,454.0,477.6,465.0,473.6,476.4,453.8,481.0
462.8,470.6,453.8,479.2,464.2,477.6,482.0,453.4,481.571
465.2,468.0,451.8,480.8,461.8,478.8,476.0,455.8,481.286
466.2,469.2,452.8,477.6,464.2,474.6,477.0,452.4,479.286
464.2,471.2,451.4,474.6,464.6,473.4,478.0,452.6,478.714
467.4,469.6,453.8,478.4,463.6,472.2,478.8,454.6,480.286
465.0,470.4,454.0,475.8,464.0,474.6,474.6,453.4,477.0
467.2,469.4,451.8,477.4,463.0,479.6,471.4,450.6,478.571
462.6,465.0,453.4,476.4,462.8,474.4,475.2,454.2,479.0
462.8,467.0,451.8,477.2,463.2,473.8,477.0,451.8,477.714
464.6,467.0,453.0,476.0,463.6,474.4,476.6,452.6,476.571
468.8,469.2,456.0,475.2,465.0,478.8,474.4,454.4,479.143
464.2,466.2,451.4,476.6,464.2,473.8,475.2,454.2,475.0
468.2,463.0,451.4,476.2,464.6,474.8,473.6,452.2,477.714
464.0,467.6,451.4,476.2,461.0,476.6,476.6,452.2,476.286
464.8,463.2,452.8,474.0,462.2,475.6,471.6,452.2,474.429
464.6,465.4,452.2,473.6,459.8,474.2,475.2,453.6,475.857
467.0,465.4,454.4,475.4,462.8,475.6,475.6,453.6,475.0
463.4,464.4,450.6,473.6,458.6,476.4,473.8,450.4,474.714
462.0,465.6,451.4,473.4,459.0,472.6,473.8,452.6,476.429
463.8,461.4,451.2,476.4,459.8,473.6,472.8,449.4,475.0
462.0,466.0,453.0,473.6,462.6,475.0,473.0,452.8,474.143
465.2,462.6,452.8,474.6,459.6,474.2,473.2,451.0,474.0
464.6,461.8,452.4,476.4,458.8,474.0,472.8,449.4,472.857
464.2,465.0,453.0,473.6,460.4,473.0,472.4,451.0,473.857
464.8,462.6,452.8,479.8,459.8,478.0,472.4,452.8,473.714
465.4,460.8,453.6,470.4,459.8,476.0,474.8,452.2,471.857
462.6,460.2,451.8,477.4,458.2,472.2,470.2,450.2,470.429
464.0,463.6,451.8,476.4,459.4,475.0,469.4,452.4,472.429
464.8,462.0,453.0,474.8,458.0,472.6,474.2,452.2,472.429
464.8,461.8,450.4,469.2,459.4,473.8,473.4,451.4,468.714
465.0,460.6,451.6,475.8,459.2,473.2,468.4,450.8,471.857
461.2,459.8,451.8,476.2,456.6,469.0,472.4,452.2,471.429
464.0,463.6,454.2,473.8,459.2,475.4,470.2,448.4,469.143
464.4,459.6,450.8,472.2,458.2,472.0,471.4,448.2,470.286
462.0,461.6,451.6,476.0,459.0,471.4,469.4,449.8,470.143
463.2,461.6,452.2,474.4,456.4,471.2,473.4,451.8,470.857
463.8,461.2,450.4,474.2,455.8,470.2,469.0,449.8,468.857
461.8,460.4,452.6,471.2,459.8,472.6,473.2,451.4,468.143
465.2,459.8,450.2,476.4,459.4,473.4,467.2,449.4,468.857
460.8,456.6,453.0,473.4,457.2,471.8,470.2,451.6,470.714
461.2,458.8,451.6,473.4,457.8,471.4,470.6,449.6,471.429
463.0,462.0,450.0,474.8,457.6,470.8,469.0,450.0,470.857
461.6,461.4,449.0,471.0,458.2,470.6,471.8,450.6,468.143
465.8,458.8,452.0,473.0,457.2,471.0,471.6,452.4,468.429
462.2,457.6,452.4,472.2,456.4,473.8,468.8,450.4,467.143
462.8,460.0,450.6,472.4,457.8,468.2,467.8,449.4,467.714
460.8,459.4,451.8,473.2,458.6,473.4,466.4,450.6,466.571
462.8,460.0,451.8,470.0,456.2,472.4,467.2,449.2,470.0
464.4,456.8,449.8,472.8,455.0,471.0,469.0,451.6,468.714
461.4,460.0,450.4,468.8,458.4,473.4,466.6,451.2,469.714
461.4,461.0,448.8,471.8,457.6,472.0,470.8,451.4,467.286
462.2,458.8,450.2,476.0,457.6,471.2,467.2,450.6,467.714
462.6,460.8,449.4,471.4,459.2,470.8,467.4,450.2,468.857
463.8,458.6,451.2,472.6,459.6,472.0,468.0,450.4,468.857
459.0,458.8,449.6,470.8,457.0,475.4,468.2,450.0,468.714
462.6,457.0,450.6,471.8,456.6,471.0,470.6,450.2,468.286
461.0,459.0,448.8,473.8,457.6,471.0,468.2,451.4,467.571
463.0,457.6,449.6,473.6,459.2,470.6,469.0,451.4,465.857
460.0,458.2,450.2,468.6,457.8,469.2,467.2,449.8,467.0
460.6,456.8,451.0,471.6,458.4,472.6,468.0,451.0,466.571
462.4,459.2,451.4,471.2,457.4,471.2,464.2,448.4,466.286
465.0,459.8,449.2,470.2,457.6,471.6,464.8,450.2,466.429
461.4,457.4,450.0,468.4,457.4,470.6,465.6,451.2,468.143
461.4,460.8,449.0,470.0,459.4,471.0,472.0,447.4,465.857
461.6,458.8,451.2,469.6,458.0,470.6,468.8,450.4,465.429
461.6,460.6,450.2,471.2,458.2,468.6,469.4,450.8,466.0
465.4,454.8,451.2,468.8,457.0,470.4,465.6,450.8,465.857
461.2,460.4,450.4,470.8,457.2,470.8,468.0,451.6,469.571
461.8,459.0,453.0,469.4,455.0,471.6,468.6,449.0,464.429
464.2,456.6,450.6,470.6,458.2,469.0,464.8,450.8,466.429
460.4,456.8,451.4,470.6,455.2,473.2,467.0,451.0,466.714
463.2,459.0,449.4,468.6,458.0,472.2,469.8,449.6,468.143
460.8,458.2,451.6,472.0,459.2,467.2,465.8,449.8,466.143
461.0,460.0,450.2,469.8,457.2,471.4,467.6,450.8,465.714
459.4,459.6,449.0,475.8,455.0,471.2,469.4,449.6,467.0
461.6,459.8,452.6,472.4,456.2,471.8,469.8,450.4,465.857
462.2,460.4,450.4,467.6,454.0,468.8,466.8,449.4,467.286
463.6,458.0,449.6,469.4,457.6,471.0,467.0,449.6,467.857
460.8,457.4,451.0,475.0,457.0,468.8,464.4,450.4,466.143
461.2,459.6,450.2,470.4,454.2,469.4,469.2,447.8,466.714
461.6,459.6,451.2,472.8,455.6,468.4,471.0,451.4,467.857
460.4,458.4,448.4,472.2,456.2,467.0,468.4,450.2,466.0
460.2,457.8,449.4,469.2,457.2,471.0,466.2,448.8,466.571
462.4,456.4,451.2,469.2,457.6,470.6,465.6,451.2,468.286
461.4,456.0,451.4,471.2,457.8,471.0,466.4,449.0,467.286
460.8,460.8,453.0,471.8,456.0,473.8,469.2,452.6,470.0
461.6,457.8,452.8,469.4,457.0,471.6,468.0,450.8,466.714
458.6,457.8,449.8,468.8,457.2,470.4,465.6,450.0,467.143
462.4,457.8,450.6,471.0,456.4,472.2,469.2,451.4,467.429
461.0,460.4,452.4,472.4,457.8,468.6,467.8,452.0,467.714
461.2,457.6,450.0,470.0,455.4,469.8,464.8,449.4,467.143
462.8,459.4,451.8,469.4,457.0,468.6,468.8,450.2,466.571
459.6,457.8,448.6,469.0,454.6,467.2,466.4,450.2,466.571
459.2,456.6,450.4,472.8,458.6,468.6,466.2,449.4,466.571
461.2,455.2,451.2,474.4,459.0,470.2,467.8,450.0,467.143
462.0,456.6,449.8,474.8,456.4,471.4,469.6,449.2,467.286
458.4,458.2,453.2,474.4,456.0,467.8,468.4,449.4,466.857
460.0,457.8,450.4,471.0,455.2,470.8,465.8,452.0,468.429
462.2,458.4,450.8,469.8,453.8,470.6,467.0,450.8,468.0
461.2,456.4,450.0,471.6,454.2,472.0,465.8,448.2,467.143
460.8,456.0,452.6,471.2,455.4,470.4,466.2,449.8,466.429
464.0,459.4,451.0,470.2,457.6,468.4,467.4,449.0,467.0
459.4,457.4,451.2,471.2,456.6,470.8,466.2,449.4,465.714
463.6,456.8,451.4,471.6,456.6,469.4,468.4,451.0,467.571
462.6,458.8,451.8,471.2,454.2,467.4,466.2,448.8,465.0
462.2,458.4,450.0,473.0,454.6,468.4,468.8,450.0,467.857
460.8,456.0,451.4,469.4,456.8,472.2,469.0,447.8,464.143
461.0,456.6,451.8,469.2,455.8,472.6,466.6,450.4,467.143
462.0,458.8,450.6,471.4,456.6,471.6,465.4,449.2,468.857
462.0,455.2,450.2,469.2,453.2,467.4,466.4,450.2,467.0
460.6,456.2,450.0,474.8,454.8,469.4,465.0,449.8,466.571
462.8,459.8,451.6,474.0,456.0,469.0,469.6,449.6,466.143
463.8,458.2,450.8,470.4,455.0,469.8,465.6,448.2,469.429
461.8,456.4,448.6,469.0,454.0,474.0,464.6,449.0,466.286
463.2,457.6,451.0,473.0,455.2,468.8,464.6,450.6,466.0
462.2,458.4,449.6,473.0,453.8,471.8,466.6,450.4,467.143
463.8,455.8,451.4,468.4,457.4,471.6,467.2,449.4,467.429
462.2,457.2,451.0,471.2,456.6,468.6,466.4,448.8,466.857
462.0,455.4,450.0,472.2,457.6,471.2,464.4,451.0,467.429
460.2,455.8,450.8,469.6,456.6,469.8,467.8,452.0,470.0
460.4,456.8,452.0,471.8,455.2,467.0,466.0,449.0,468.429
460.4,456.8,450.2,472.4,454.0,467.0,465.8,450.8,466.571
460.6,453.6,452.2,467.4,454.4,470.2,467.4,448.2,467.857
460.4,459.2,450.8,472.0,454.8,468.6,465.2,450.0,465.857
461.8,459.2,448.4,470.2,456.2,469.6,463.2,449.6,468.143
462.2,458.4,450.0,471.8,453.0,468.4,465.2,449.8,465.571
461.8,455.4,449.4,470.4,457.6,470.6,466.6,450.8,468.429
461.8,456.8,452.8,471.6,454.6,471.0,466.2,447.4,469.429
460.6,455.6,449.4,472.4,457.4,468.4,466.8,451.4,465.286
463.2,455.8,450.2,469.6,455.6,472.0,467.2,447.8,466.0
463.4,457.8,452.2,470.8,457.6,471.4,468.6,450.2,466.571
462.0,456.2,449.4,467.8,456.8,468.8,466.8,449.6,466.429
458.6,454.6,450.2,471.6,456.2,469.4,467.8,449.8,465.429
460.2,456.4,450.6,468.0,458.0,470.8,463.6,449.8,465.429
460.6,457.2,450.2,470.6,454.2,468.2,464.4,449.6,466.429
461.4,456.6,449.0,468.8,453.6,469.4,465.6,450.2,468.0
459.8,457.6,451.4,469.6,454.2,472.4,464.6,448.8,466.429
460.4,457.6,451.4,468.0,454.6,470.0,464.8,448.0,465.429
460.8,455.2,451.8,469.0,455.8,470.8,467.4,450.0,467.286
461.2,457.2,452.6,471.2,453.2,467.6,465.0,449.8,465.429
459.0,454.2,449.4,471.2,455.4,471.0,467.2,449.8,464.429
458.6,454.0,451.8,471.2,454.4,469.2,466.0,453.4,468.286
464.2,455.0,449.6,466.0,455.4,469.0,466.6,450.4,466.571
462.6,455.8,449.8,470.2,456.8,468.6,467.0,449.2,466.143
461.8,457.0,450.8,469.6,454.6,470.8,463.8,449.4,466.286
460.2,460.2,449.6,467.2,455.8,469.0,469.2,448.6,467.571
460.8,458.4,448.8,466.6,456.4,470.0,465.2,451.4,465.714
459.0,455.0,451.8,471.2,454.4,467.6,465.2,449.0,464.286
464.6,454.8,450.2,471.6,452.8,469.0,467.6,449.0,467.429
461.8,455.2,452.0,469.6,454.0,464.4,465.4,449.2,464.857
459.2,457.4,450.4,472.4,457.6,469.4,465.0,450.2,468.286
464.6,456.2,449.8,470.8,454.8,468.8,465.8,451.0,467.143
458.6,455.0,449.4,468.2,453.8,472.8,464.0,450.0,466.286
459.2,455.0,450.6,468.2,456.4,469.6,463.6,448.2,465.143
462.6,456.0,451.8,469.4,456.4,467.4,464.4,450.4,467.714
459.6,455.0,453.0,472.0,452.6,470.4,462.4,450.2,465.429
460.6,454.2,450.6,468.2,455.4,469.6,462.0,450.2,464.429
459.2,455.6,451.0,469.2,456.8,469.0,462.2,448.6,467.429
461.0,456.0,450.4,469.2,454.0,468.6,463.6,448.0,466.429
459.6,458.6,450.4,469.4,455.6,468.0,464.0,449.4,463.714
458.2,456.4,451.0,469.2,456.0,466.6,465.8,450.6,464.571
458.0,455.2,448.2,472.2,456.0,470.0,465.4,450.0,464.857
461.2,459.0,450.2,469.4,453.6,468.0,463.4,449.6,465.429
459.0,456.0,449.6,466.2,457.0,466.6,464.0,447.8,466.571
456.6,455.6,449.8,468.0,454.2,469.2,463.4,448.4,466.286
458.8,455.0,450.2,472.2,455.4,469.0,466.0,449.4,464.143
460.8,456.8,450.4,472.6,453.2,469.4,464.6,448.4,468.0
461.2,456.6,451.0,468.6,456.0,468.2,466.0,449.8,465.429
461.4,458.2,452.6,467.6,453.4,467.0,464.4,448.8,467.286
458.2,456.4,450.0,470.2,454.6,467.4,467.8,448.8,466.143
459.4,456.2,450.0,469.0,455.6,465.8,463.8,451.0,465.429
460.8,456.4,450.0,465.8,454.8,467.8,462.0,450.0,464.571
462.0,455.6,449.0,469.8,454.2,469.0,463.6,450.0,468.286
457.6,456.0,449.8,469.2,455.2,469.8,463.6,449.6,465.571
457.6,457.6,449.6,467.8,454.8,470.8,466.6,448.4,467.286
460.8,456.6,449.8,470.2,453.6,466.2,465.0,448.2,468.429
461.8,456.2,447.6,470.4,455.0,465.4,463.0,450.0,466.571
459.4,457.0,448.6,471.4,453.6,471.0,465.2,449.0,466.0
460.4,453.6,449.2,467.6,454.0,468.0,463.4,450.2,464.857
459.2,454.8,450.6,469.8,456.2,467.6,463.2,449.0,465.143
455.8,455.8,451.2,469.4,453.8,466.0,463.2,449.4,468.571
459.6,456.4,449.2,469.8,454.8,470.6,465.6,449.8,467.429
462.2,455.8,451.6,466.6,454.2,471.0,462.2,451.0,463.714
461.6,456.2,451.0,466.0,455.2,468.4,464.2,451.4,467.0
458.4,455.2,449.4,469.4,455.6,467.4,461.6,449.8,466.143
458.8,455.4,448.8,471.4,453.4,468.8,461.0,449.4,466.286
458.6,455.6,450.6,467.8,455.6,467.8,465.4,451.0,465.0
462.2,455.6,451.8,468.6,455.6,470.6,465.0,449.8,467.0
459.4,454.4,451.2,468.0,454.0,464.4,461.8,449.0,465.286
459.6,455.4,450.0,469.0,456.8,467.4,460.4,447.2,466.143
460.0,454.6,448.6,469.0,455.2,468.2,463.8,449.8,465.714
458.8,455.8,448.6,468.0,454.2,468.6,463.2,447.8,465.143
459.0,454.6,448.4,465.4,455.6,465.0,465.6,449.6,468.429
459.0,454.6,450.4,469.6,456.6,467.2,462.8,448.4,467.0
460.8,455.0,449.8,467.0,454.4,469.2,464.6,447.8,464.857
459.2,455.0,450.6,470.8,454.6,468.8,464.2,451.4,467.714
459.2,455.0,448.8,468.0,453.2,472.2,464.8,450.2,467.0
458.2,455.4,450.4,470.8,455.6,469.0,463.0,447.4,466.429
460.0,454.8,448.8,466.4,451.8,466.6,463.4,448.4,468.429
458.4,453.6,449.8,465.6,454.8,468.8,462.6,449.0,467.0
459.0,457.4,450.0,471.2,453.8,470.6,466.2,448.4,464.286
461.2,455.2,450.4,467.0,455.8,469.0,463.8,449.0,468.857
460.2,457.0,451.6,467.4,452.4,468.2,466.2,448.2,465.714
460.0,453.8,449.6,470.2,456.0,470.4,462.8,450.0,465.571
461.6,453.6,450.6,468.2,453.6,466.6,462.8,448.4,466.286
460.0,455.0,449.4,468.0,452.8,467.4,464.4,448.4,466.857
458.8,456.4,451.8,467.8,452.2,467.6,460.0,449.4,466.857
461.2,452.8,449.6,468.2,454.4,466.4,463.4,447.4,464.571
458.8,451.6,450.8,468.6,454.0,467.8,461.8,447.8,466.571
458.0,458.0,450.2,470.2,451.6,467.6,463.4,451.8,465.714
457.6,454.8,450.8,469.2,454.6,466.2,463.2,446.8,465.857
459.2,456.4,449.8,467.8,452.6,469.6,462.8,448.8,465.0
459.4,453.4,449.2,467.8,453.4,467.2,462.4,446.6,470.286
460.6,451.2,447.8,469.2,454.2,467.0,462.6,447.6,464.571
460.4,456.4,450.2,468.2,452.4,462.4,463.0,448.4,465.714
455.8,455.6,448.4,462.4,451.6,464.2,460.4,446.6,466.0
458.8,453.4,449.0,469.4,452.8,464.6,463.6,448.4,465.429
462.4,456.8,450.8,468.2,454.4,468.8,463.0,451.2,469.714
457.0,453.4,449.4,465.6,452.2,470.4,464.2,447.6,465.143
458.2,455.8,447.6,467.6,453.0,466.0,463.4,448.4,465.857
